Company,Paddle,Core Thickness (mm),Condition,Price,Discount Code,Discount,Discounted Price,Shape,Manufacturing Process,Surface Texture,Surface Material,Core Material,Spin RPM,Spin Percentile,Length (in),Width (in),Handle Length (in),Static Weight (oz),Swing Weight,Swing Weight Percentile,Twist Weight,Twist Weight Percentile,Balance Point (cm),Balance Point Percentile,Serve Speed-MPH (Power),Power Percentile,Punch Volley Speed-MPH (Pop),Pop Percentile,Firepower (0-100),,,,,,
11Six24,Hurache Control,16,New,$79.99,JOHNKEW,10%,$71.99,Elongated,Cold Layered,Peel Ply-Coarse,Toray Carbon Fiber,Polypropylene Honeycomb,"2,107",49%,16.5,7.5,5.50,7.4,106.0,11%,5.55,10%,23.7,34%,52.5,6%,33.9,13%,9,,,,,,
11Six24,Hurache-X Control,16,New,$139.99,JOHNKEW,10%,$125.99,Elongated,Thermoformed,Peel Ply-Coarse,Toray Carbon Fiber and Kevlar,Polypropylene Honeycomb,"1,847",18%,16.5,7.5,6.00,8.2,119.0,71%,6.40,50%,24.1,62%,55.3,49%,35.0,41%,45,,,,,,
11Six24,Hurache-X Control+,14,New,$139.99,JOHNKEW,10%,$125.99,Elongated,Thermoformed,Peel Ply-Coarse,Toray Carbon Fiber,Polypropylene Honeycomb,"2,203",71%,16.5,7.5,6.00,8.2,115.4,53%,6.15,34%,23.9,51%,55.6,56%,36.1,75%,65,,,,,,
11Six24,Hurache-X Control+,16,New,$149.90,JOHNKEW,10%,$134.91,Elongated,Thermoformed,Peel Ply-Coarse,Toray Carbon Fiber and Fiberglass,Polypropylene Honeycomb,"1,956",27%,16.5,7.5,6.00,8.0,117.4,67%,6.30,44%,24.2,68%,55.5,54%,35.4,56%,55,,,,,,
11Six24,Hurache-X Power,16,New,$169.99,JOHNKEW,10%,$152.99,Elongated,Gen-3 Foam Enhanced,Peel Ply-Coarse,Toray Carbon Fiber and Fiberglass,Polypropylene + Foam,"2,374",97%,16.5,7.5,6.00,8.1,115.2,52%,6.21,41%,23.7,34%,57.0,90%,36.2,76%,83,,,,,,
11Six24,Monarch All Court,16,New,$139.99,JOHNKEW,10%,$125.99,Wide Body,Thermoformed,Peel Ply-Coarse,Toray Carbon Fiber,Polypropylene Honeycomb,"2,131",56%,15.8,8.2,5.75,8.2,111.2,30%,7.36,96%,23.6,30%,56.2,76%,34.8,34%,55,,,,,,
11Six24,Monarch Control,16,New,$149.99,JOHNKEW,10%,$134.99,Wide Body,Thermoformed,Peel Ply-Coarse,Kevlar 3K Cloth,Polypropylene Honeycomb,"2,051",39%,15.8,8.2,5.75,8.2,110.2,28%,7.37,96%,23.4,20%,55.3,49%,35.1,45%,47,,,,,,
11Six24,Monarch Jelly Bean,16,New,$99.99,JOHNKEW,10%,$89.99,Wide Body,Cold Layered with Edge Foam,Peel Ply-Coarse,Toray Carbon Fiber,Polypropylene Honeycomb,"2,209",74%,15.8,8.2,5.75,7.9,107.2,17%,7.09,86%,23.7,34%,53.7,18%,33.6,9%,13,,,,,,
11Six24,Pegasus Power,16,New,$169.99,JOHNKEW,10%,$169.89,Widebody,Gen-3 Foam Enhanced,Peel Ply-Coarse,Toray Carbon Fiber and Fiberglass,Polypropylene + Foam,"2,327",90%,15.8,8.2,5.75,8.3,112.7,39%,7.62,100%,23.4,20%,56.4,78%,36.4,83%,80,,,,,,
11Six24,Vapor Power,16,New,$169.99,JOHNKEW,10%,$169.89,Hybrid,Gen-3 Foam Enhanced,Peel Ply-Coarse,Toray Carbon Fiber and Fiberglass,Polypropylene + Foam,"2,386",98%,16.2,7.8,5.40,8.2,115.8,56%,7.01,84%,23.9,51%,56.9,86%,36.3,79%,82,,,,,,
Ace,Heart,14,New,$189.99,JOHNKEW,10%,$170.99,Elongated,Thermoformed,Peel Ply-Coarse,T700 Carbon Fiber,Polypropylene Honeycomb,"2,260",80%,16.5,7.5,5.50,7.8,115.7,55%,5.80,20%,24.3,73%,55.6,56%,34.6,28%,42,,,,,,
Aiso,Ryu,15,New,$99.99,JOHNKEW,10%,$99.89,Widebody,Gen-3 Foam Enhanced,Peel Ply-Coarse,PET + Toray Carbon Fiber Weave,Polypropylene + Foam,"2,152",60%,15.9,8.2,5.30,8.0,111.5,32%,7.87,100%,23.5,23%,54.9,39%,35.7,65%,52,,,,,,
Bird,Ball Hawk Classic,14,New,$199.00,,,$199.00,Standard,Cold Layered,Peel Ply-Coarse,T700 Carbon Fiber,Polypropylene Honeycomb,"2,099",47%,16.0,8.0,4.75,7.9,106.0,11%,7.05,85%,23.5,23%,51.3,1%,32.4,3%,2,,,,,,
Bird,Falcon Elite Ergo,14,New,$229.00,,,$229.00,Ergo,Cold Layered,Peel Ply-Coarse,T700 Carbon Fiber,Polypropylene Honeycomb,"1,806",15%,14.5,8.0,N/A,8.7,,,,,18.9,0%,52.8,9%,31.0,0%,5,,,,,,
Body Helix,X4 Gold Kevlar,16,New,$140.00,JOHNKEW,10%,$126.00,Hybrid,Thermoformed,Peel Ply-Coarse,Kevlar 3K Cloth,Polypropylene Honeycomb,"2,281",85%,16.3,7.8,5.40,8.1,115.9,56%,6.55,59%,24.1,62%,56.2,76%,35.5,60%,68,,,,,,
Bread & Butter,Drip Contender,16,New,$95.00,JOHNKEW,15%,$80.75,Elongated,Cold Layered,Grit,T700 Carbon Fiber,Polypropylene Honeycomb,"1,017",0%,16.4,7.5,5.00,8.3,,,,,,,,,,,,,,,,,
Bread & Butter,Drip Verge,16,New,$95.00,JOHNKEW,15%,$80.75,Elongated,Cold Layered,Grit,T700 Carbon Fiber,Polypropylene Honeycomb,"1,046",0%,16.4,7.5,5.00,8.3,,,,,,,,,,,,,,,,,
Bread & Butter,Fat Boy,16,New,$189.99,JOHNKEW,15%,$161.49,Wide Body,Thermoformed,Peel Ply-Coarse,3K Kevlar-Carbon Fiber Weave,Polypropylene Honeycomb,"2,069",42%,15.9,8.1,5.30,8.0,107.8,19%,7.11,87%,23.5,23%,54.4,26%,36.3,79%,52,,,,,,
Bread & Butter,Filth,16,New,$165.00,JOHNKEW,15%,$140.25,Elongated,Thermoformed,Peel Ply-Coarse,T700 Carbon Fiber,Polypropylene Honeycomb,"1,865",21%,16.5,7.4,5.50,7.9,121.0,79%,6.20,39%,24.2,68%,55.2,47%,35.6,62%,54,,,,,,
Bread & Butter,Loco,16,New,$165.00,JOHNKEW,15%,$140.25,Hybrid,Thermoformed,Peel Ply-Coarse,T700 Carbon Fiber,Polypropylene Honeycomb,"2,091",45%,16.3,7.7,5.30,7.7,113.7,42%,6.10,31%,24.1,62%,54.6,30%,35.2,48%,39,,,,,,
Bread & Butter,Shogun,16,New,$189.99,JOHNKEW,15%,$161.49,Elongated,Thermoformed,Peel Ply-Coarse,"Carbon Fiber & PET Fibers (""Titanium"")",Polypropylene Honeycomb,"2,004",33%,16.5,7.4,5.50,8.2,121.6,82%,6.13,33%,24.5,80%,55.0,41%,34.6,28%,34,,,,,,
Bread & Butter,Spear Breakout,13,New,$80.00,JOHNKEW,15%,$68.00,Standard,Cold Layered,Grit,T700 Carbon Fiber,Polypropylene Honeycomb,"1,156",2%,15.9,7.9,5.00,7.6,,,,,,,,,,,,,,,,,
Bread & Butter,Spear Juno,16,New,$80.00,JOHNKEW,15%,$68.00,Standard,Cold Layered,Grit,T700 Carbon Fiber,Polypropylene Honeycomb,"1,081",1%,15.9,7.9,5.00,7.6,,,,,,,,,,,,,,,,,
Cheetah,Predion E16 Edgeless,16,New,$200.00,JOHNKEW,10%,$180.00,Elongated,Thermoformed,Grit,3K Woven Carbon Fiber,Aramid Fiber Honeycomb,"1,556",7%,16.5,7.5,5.50,7.7,106.0,11%,5.37,6%,23.3,17%,52.8,9%,34.3,21%,15,,,,,,
Cheetah,Predion E16-with lead tape,16,New,$200.00,JOHNKEW,10%,$180.00,Elongated,Thermoformed,Grit,3K Woven Carbon Fiber,Aramid Fiber Honeycomb,"1,556",7%,16.5,7.5,5.50,8.4,115.0,48%,7.23,91%,23.5,23%,54.1,21%,34.3,21%,21,,,,,,
Chorus,Shapeshifter,16,New,$189.99,JOHNKEW,10%,$170.99,Hybrid,Thermoformed,Peel Ply-Coarse,18K Toray Carbon Fiber,Polypropylene Honeycomb,"2,139",57%,16.3,7.8,5.30,8.1,116.7,62%,6.61,65%,24.1,62%,55.7,62%,35.3,53%,57,,,,,,
Chorus,Shapeshifter with 5 grams tungsten tape,16,New,$189.99,JOHNKEW,10%,$170.99,Hybrid,Thermoformed,Peel Ply-Coarse,18K Toray Carbon Fiber,Polypropylene Honeycomb,"2,139",57%,16.3,7.8,5.30,8.4,117.8,68%,7.00,83%,23.7,34%,55.9,67%,35.2,48%,58,,,,,,
Chorus,Shapeshifter with 5 grams tungsten tape & 28-gram Slyce cap,16,New,$189.99,JOHNKEW,10%,$170.99,Hybrid,Thermoformed,Peel Ply-Coarse,18K Toray Carbon Fiber,Polypropylene Honeycomb,"2,139",57%,16.3,7.8,5.30,9.3,121.3,82%,7.11,87%,21.8,2%,56.0,69%,35.7,65%,67,,,,,,
Chorus,Supercourt,16,New,$119.99,JOHNKEW,10%,$107.99,Standard,Cold Layered,Peel Ply-Coarse,Carbon Fiber,Polypropylene Honeycomb,"2,033",37%,16.0,8.0,6.25,8.0,107.0,15%,6.00,27%,23.1,11%,55.5,54%,34.7,32%,43,,,,,,
Core,Reaction Pro Elongated,16,New,$124.99,,,$124.99,Elongated,Cold Layered,Peel Ply-Fine,T700 Carbon Fiber,Polypropylene Honeycomb,"1,863",20%,16.5,7.4,5.80,8.2,125.4,93%,6.03,28%,24.8,93%,54.4,26%,33.9,13%,20,,,,,,
Core,Reaction Pro Standard,16,New,$124.99,,,$124.99,Standard,Cold Layered,Peel Ply-Fine,T700 Carbon Fiber,Polypropylene Honeycomb,"1,892",23%,15.8,8.0,5.13,8.2,111.7,34%,7.25,92%,23.8,42%,53.5,16%,34.0,15%,15,,,,,,
CRBN,CRBN 1X,14,New,$229.99,JOHNKEW,10%,$206.99,Elongated,Thermoformed,Peel Ply-Coarse,Toray Carbon Fiber,Polypropylene Honeycomb,"2,244",78%,16.5,7.3,5.50,8.0,116.0,57%,5.78,19%,24.2,68%,54.7,33%,34.4,24%,28,,,,,,
CRBN,CRBN 2X,16,New,$229.99,JOHNKEW,10%,$206.99,Standard,Thermoformed,Peel Ply-Coarse,Toray Carbon Fiber,Polypropylene Honeycomb,"1,975",30%,15.8,8.0,4.75,8.0,110.0,26%,7.50,99%,23.5,23%,53.5,16%,34.4,24%,20,,,,,,
CRBN,CRBN1 Control,14,New,$179.99,JOHNKEW,10%,$161.99,Elongated,Cold Layered,Peel Ply-Coarse,T700 Carbon Fiber,Polypropylene Honeycomb,"2,171",64%,16.5,7.3,5.50,7.9,,,,,,,,,,,,,,,,,
CRBN,TruFoam Genesis 1,14,New,,,,,Elongated,Cold Layered with 100% Foam Core,Peel Ply-Coarse,T700 Carbon Fiber,Foam,"2,280",84%,16.5,7.4,5.50,7.8,124.0,90%,5.83,21%,24.9,96%,57.0,90%,36.2,76%,83,,,,,,
CRBN,TruFoam Genesis 2,14,New,,,,,Standard,Cold Layered with 100% Foam Core,Peel Ply-Coarse,T700 Carbon Fiber,Foam,"2,338",92%,16.0,7.9,5.25,8.2,112.9,39%,6.76,74%,23.8,42%,56.4,78%,36.5,85%,82,,,,,,
CRBN,TruFoam Genesis 3,14,New,,,,,Elongated,Cold Layered with 100% Foam Core,Peel Ply-Coarse,T700 Carbon Fiber,Foam,"2,368",97%,16.5,7.5,5.3,8.4,124.9,92%,6.37,47%,24.6,86%,56.9,86%,36.0,73%,79,,,,,,
Diadem,Edge 18K,16,New,$229.95,JOHNKEW,10%,$206.96,Elongated,Cold Layered,Peel Ply-Coarse,18k Carbon Fiber,Polypropylene Honeycomb,"2,304",87%,16.4,7.5,5.30,7.9,122.0,84%,6.25,43%,24.1,62%,53.0,12%,34.1,16%,14,,,,,,
Diadem,Hush,18,New,$189.95,JOHNKEW,10%,$170.96,Elongated,Thermoformed,Textured polyurethane,Thermoplastic Polyurethane,Carbon fiber frame with BASF materials,"2,776",100%,16.5,7.2,5.60,8.3,122.7,89%,5.13,2%,24.5,80%,63.2,100%,38.8,100%,100,,,,,,
Diadem,Icon V2 XL,13.7,New,$199.95,JOHNKEW,10%,$179.96,Standard,Hot Molded,Grit,Carbon Fiber (Japanese-Sourced),Polypropylene Honeycomb (2 sheets),"1,718",11%,16.0,7.6,5.25,8.2,125.0,92%,5.69,13%,24.5,80%,54.2,23%,35.0,41%,32,,,,,,
Diadem,Vice,16,New,$224.95,JOHNKEW,10%,$202.46,Elongated,Unibody Edgeless,Grit,Carbon Fiber,EVA Foam,"1,789",14%,16.4,7.4,5.30,7.9,114.0,44%,5.73,16%,,,59.0,98%,33.8,11%,55,,,,,,
Diadem,Warrior,19,New,$229.95,JOHNKEW,10%,$206.96,Elongated,Cold Layered,Grit,Carbon Fiber,Polypropylene + Aramid,"1,744",12%,16.4,7.4,5.30,8.6,133.0,100%,7.25,92%,24.7,91%,52.6,7%,31.0,0%,4,,,,,,
Dymon,Mayhem,16,New,$199.99,JOHNKEW,20%,$159.99,Elongated,Thermoformed,Peel Ply-Coarse,Toray Carbon Fiber,Kevlar honeycomb,"2,366",95%,16.5,7.5,4.25,7.8,110.6,29%,6.31,45%,23.8,42%,56.1,73%,35.7,65%,69,,,,,,
Electrum,Model E,16,Used-6 months,$119.99,JOHNKEW,10%,$107.99,Elongated,Cold Layered,Peel Ply-Coarse,Toray Carbon Fiber,Polypropylene Honeycomb,"1,575",8%,16.5,7.4,5.25,8.2,122.0,84%,6.80,75%,,,,,,,,,,,,,
Electrum,Model E Elite,16,New,$199.99,JOHNKEW,10%,$179.99,Elongated,Thermoformed,Peel Ply-Coarse,Toray Carbon Fiber,Polypropylene Honeycomb,"2,028",35%,16.5,7.4,5.25,8.4,124.0,90%,7.14,89%,24.7,91%,55.7,62%,35.7,65%,63,,,,,,
Electrum,Model E Stealth,16,New,$220.00,JOHNKEW,10%,$198.00,Elongated,Thermoformed,Peel Ply-Coarse,Toray Carbon Fiber,Polypropylene Honeycomb,"1,810",15%,16.5,7.3,5.38,7.7,107.0,15%,5.00,1%,23.3,17%,55.6,56%,35.6,62%,59,,,,,,
Electrum,Model E Stealth-with 0.5 oz. lead tape,16,New,$220.00,JOHNKEW,10%,$198.00,Elongated,Thermoformed,Peel Ply-Coarse,Toray Carbon Fiber,Polypropylene Honeycomb,"1,810",15%,16.5,7.3,5.38,8.2,109.0,24%,6.10,31%,23.2,14%,55.0,41%,35.0,41%,41,,,,,,
Electrum,Pro II,11,Used-1 month,$149.99,JOHNKEW,10%,$134.99,Standard,Hot Molded,Peel Ply-Coarse,Toray Carbon Fiber,Polypropylene Honeycomb,"2,089",45%,16.0,8.0,5.25,7.6,106.0,11%,6.75,72%,23.7,34%,51.0,0%,34.3,21%,11,,,,,,
Electrum,Pro II Stealth,12,New,$220.00,JOHNKEW,10%,$198.00,Standard,Thermoformed,Peel Ply-Coarse,Toray Carbon Fiber,Polypropylene Honeycomb,"2,204",72%,16.0,7.8,5.25,7.0,93.0,0%,4.83,1%,23.1,11%,53.1,12%,36.4,83%,48,,,,,,
Electrum,Pro II Stealth-with 0.5 oz. lead tape,12,New,$220.00,JOHNKEW,10%,$198.00,Standard,Thermoformed,Peel Ply-Coarse,Toray Carbon Fiber,Polypropylene Honeycomb,"2,204",72%,16.0,7.8,5.25,7.5,97.0,1%,6.35,46%,22.8,8%,55.0,41%,36.0,73%,57,,,,,,
Electrum,Pro Stealth,12,New,$220.00,JOHNKEW,10%,$198.00,Wide Body,Unibody Edgeless,Peel Ply-Coarse,Toray Carbon Fiber,Polypropylene Honeycomb,"1,927",26%,15.6,8.3,5.00,7.3,92.0,0%,5.63,11%,22.5,3%,52.6,7%,36.1,75%,41,,,,,,
Electrum,Pro Stealth-with 0.5 oz. lead tape,12,New,$220.00,JOHNKEW,10%,$198.00,Wide Body,Unibody Edgeless,Peel Ply-Coarse,Toray Carbon Fiber,Polypropylene Honeycomb,"1,927",26%,15.6,8.3,5.00,7.3,93.0,0%,6.90,79%,22.3,3%,55.0,41%,35.7,65%,53,,,,,,
Engage,Evolution Extreme V2.14,14,New,$159.99,JOHNKEW (at Pickleball Central),10%,$143.99,Elongated,Cold Layered with Edge Foam,Peel Ply-Coarse,Toray Carbon Fiber,Polypropylene Honeycomb,"1,915",25%,16.5,7.5,5.25,8.0,117.7,67%,6.38,48%,24.4,77%,53.2,13%,34.7,32%,22,,,,,,
Engage,Evolution Extreme V2.16,16,New,$159.99,JOHNKEW (at Pickleball Central),10%,$143.99,Elongated,Cold Layered with Edge Foam,Peel Ply-Coarse,Toray Carbon Fiber,Polypropylene Honeycomb,"2,082",44%,16.4,7.5,5.25,8.2,121.8,83%,6.66,67%,24.5,80%,54.6,30%,34.4,24%,27,,,,,,
Engage,Pursuit EX 6.0 Maxx,16,New,$259.99,JOHNKEW (at Pickleball Central),10%,$233.99,Standard,Cold Layered with Edge Foam,Frosted RCF,Toray Carbon Fiber,Polypropylene Honeycomb,"1,666",9%,16.0,8.0,5.00,8.0,115.6,54%,7.43,97%,24.5,80%,54.2,23%,35.3,53%,38,,,,,,
Engage,Pursuit EX 6.0 Pro,16,New,$259.99,JOHNKEW (at Pickleball Central),10%,$233.99,Standard,Cold Layered with Edge Foam,Peel Ply-Coarse,Toray Carbon Fiber,Polypropylene Honeycomb,"2,260",80%,16.0,8.0,5.00,8.1,114.7,48%,7.32,94%,23.5,23%,55.0,41%,36.3,79%,60,,,,,,
Engage,Pursuit EX Pro,13,New,$259.99,JOHNKEW (at Pickleball Central),10%,$233.99,Standard,Cold Layered with Edge Foam,Peel Ply-Coarse,Toray Carbon Fiber,Polypropylene Honeycomb,"2,366",95%,16.0,8.0,5.00,8.2,116.2,58%,7.29,93%,23.7,34%,54.9,39%,36.6,87%,63,,,,,,
Engage,Pursuit MX 6.0 Maxx,16,New,$199.99,JOHNKEW (at Pickleball Central),10%,$179.99,Elongated,Cold Layered with Edge Foam,Frosted RCF,Toray Carbon Fiber,Polypropylene Honeycomb,"1,716",10%,16.5,7.5,5.75,7.8,116.2,58%,5.80,20%,24.2,68%,56.1,73%,35.2,48%,60,,,,,,
Engage,Pursuit MX 6.0 Pro,16,New,$259.99,JOHNKEW (at Pickleball Central),10%,$233.99,Elongated,Cold Layered with Edge Foam,Peel Ply-Coarse,Toray Carbon Fiber,Polypropylene Honeycomb,"2,258",79%,16.5,7.5,5.75,8.1,129.1,97%,6.65,66%,25.3,98%,56.3,78%,35.4,56%,67,,,,,,
Engage,Pursuit MX Pro,13,New,$259.99,JOHNKEW (at Pickleball Central),10%,$233.99,Elongated,Cold Layered with Edge Foam,Peel Ply-Coarse,Toray Carbon Fiber,Polypropylene Honeycomb,"2,264",81%,16.5,7.5,5.75,8.0,119.3,74%,5.85,23%,24.1,62%,56.2,76%,36.3,79%,77,,,,,,
Engage,Pursuit Pro 1 6.0-Light,16,New,$259.99,JOHNKEW (at Pickleball Central),10%,$233.99,Elongated,Cold Layered with Edge Foam,Peel Ply-Coarse,Toray Carbon Fiber,Polypropylene Honeycomb,"2,207",74%,16.5,7.5,5.88,7.7,115.2,52%,5.75,17%,23.7,34%,56.4,78%,35.4,56%,67,,,,,,
Engage,Pursuit Pro 1-Light,13,New,$259.99,JOHNKEW (at Pickleball Central),10%,$233.99,Elongated,Cold Layered with Edge Foam,Peel Ply-Coarse,Toray Carbon Fiber,Polypropylene Honeycomb,"2,178",67%,16.5,7.5,5.88,7.7,109.5,25%,5.57,10%,23.3,17%,56.0,69%,35.5,60%,65,,,,,,
Ethos,Dunamis,14,New,$179.95,JOHNKEW,10%,$161.96,Standard,Thermoformed,Peel Ply-Coarse,Kevlar & Carbon Fiber,Polypropylene Honeycomb,"1,678",10%,16.0,8.0,5.35,7.5,99.6,3%,6.18,39%,23.1,11%,53.5,16%,34.5,26%,21,,,,,,
Ethos,Dunamis Pro,16,New,$199.90,JOHNKEW,15%,$199.75,Standard,Thermoformed,Peel Ply-Coarse,Vectran Arylate Carbon,Polypropylene Honeycomb,"2,120",54%,16.0,8.0,5.50,8.2,115.9,57%,6.86,79%,23.8,42%,54.2,23%,35.2,48%,35,,,,,,
Franklin,Ben Johns Signature,13,Used-2 months,$100.00,JOHNKEW (at Pickleball Central),10%,$90.00,Elongated,Cold Layered,Grit,Fiberglass,Polypropylene Honeycomb,"1,267",4%,16.5,7.3,5.50,8.1,120.0,76%,,,,,,,,,,,,,,,
Franklin,C45,14,New,$229.00,JOHNKEW,10%,$228.90,Hybrid,Gen-3 Foam Enhanced,Peel Ply-Coarse,T700 Carbon Fiber,Polypropylene + Foam,"2,204",72%,16.3,7.6,5.50,7.5,103.5,7%,5.42,7%,23.5,23%,56.1,73%,37.2,93%,83,,,,,,
Franklin,Tour Dynasty,16,New,$149.99,JOHNKEW,10%,$134.99,Elongated,Thermoformed,Peel Ply-Coarse,T700 Carbon Fiber,Polypropylene Honeycomb,"2,167",64%,16.5,7.5,5.60,9.2,138.7,100%,7.45,97%,24.6,86%,56.1,73%,34.3,21%,47,,,,,,
Franklin,Tour Dynasty,14,New,$149.99,JOHNKEW,10%,$134.99,Elongated,Thermoformed,Peel Ply-Coarse,T700 Carbon Fiber,Polypropylene Honeycomb,"2,288",86%,16.5,7.5,5.60,8.2,126.0,94%,6.60,63%,24.7,91%,55.3,49%,35.4,56%,52,,,,,,
Franklin,Tour Tempo,16,New,$149.99,JOHNKEW,10%,$134.99,Standard,Thermoformed,Peel Ply-Coarse,T700 Carbon Fiber,Polypropylene Honeycomb,"2,094",46%,15.9,8.0,5.00,8.9,122.0,84%,7.50,99%,23.5,23%,55.7,62%,35.4,56%,59,,,,,,
Franklin,Tour Tempo,14,New,$149.99,JOHNKEW,10%,$134.99,Standard,Thermoformed,Peel Ply-Coarse,T700 Carbon Fiber,Polypropylene Honeycomb,"2,199",70%,15.9,8.0,5.00,8.5,116.3,60%,7.13,88%,23.4,20%,55.2,47%,35.8,68%,57,,,,,,
Franklin,Tour Tempo,12,New,$149.99,JOHNKEW,10%,$134.99,Standard,Thermoformed,Peel Ply-Coarse,T700 Carbon Fiber,Polypropylene Honeycomb,"2,252",78%,15.9,8.0,5.00,7.4,101.4,5%,6.15,34%,23.6,30%,55.0,41%,36.1,75%,58,,,,,,
Franklin ,Carbon STK,14.5,New,$149.99,JOHNKEW (at Pickleball Central),10%,$134.99,Elongated,Cold Layered,Unknown,Carbon Fiber,Polypropylene Honeycomb,"1,251",4%,16.5,7.5,4.25,7.6,118.0,68%,5.76,18%,24.6,86%,51.7,3%,30.9,0%,2,,,,,,
Gamma,Airbender,13,New,$199.99,JOHNKEW,10%,$179.99,Elongated,Thermoformed,Peel Ply-Coarse,Toray Carbon Fiber,Polypropylene Honeycomb,"2,107",49%,16.5,7.4,5.50,8.1,113.8,43%,5.24,4%,23.6,30%,55.8,64%,35.2,48%,56,,,,,,
Gamma,Airbender,16,New,$199.99,JOHNKEW,10%,$179.99,Elongated,Thermoformed,Peel Ply-Coarse,Toray Carbon Fiber,Polypropylene Honeycomb,"1,903",24%,16.5,7.4,5.38,8.5,115.3,53%,5.57,10%,23.3,17%,55.4,52%,34.1,16%,34,,99.8%,105.0%,,,
Gamma,Airbender,10,New,$199.99,JOHNKEW,10%,$179.99,Elongated,Thermoformed,Peel Ply-Coarse,Toray Carbon Fiber,Polypropylene Honeycomb,"1,988",32%,16.5,7.4,5.50,8.1,111.2,30%,5.08,2%,23.5,23%,55.3,49%,35.8,68%,59,,,,,,
Gamma,Obsidian 10,10,New,$159.99,JOHNKEW,10%,$143.99,Elongated,Thermoformed,Peel Ply-Coarse,Toray Carbon Fiber,Polypropylene Honeycomb,"1,992",32%,16.4,7.6,5.75,8.0,118.3,70%,5.77,19%,24.4,77%,54.7,33%,35.5,60%,46,,,,,,
Gamma,Obsidian 13,13,New,$159.99,JOHNKEW,10%,$143.99,Elongated,Thermoformed,Peel Ply-Coarse,Toray Carbon Fiber,Polypropylene Honeycomb,"1,854",19%,16.4,7.6,5.75,7.9,112.2,36%,6.00,27%,23.8,42%,55.1,45%,35.2,48%,46,,,,,,
Gamma,Obsidian 16,16,New,$159.99,JOHNKEW,10%,$143.99,Elongated,Thermoformed,Peel Ply-Coarse,Toray Carbon Fiber,Polypropylene Honeycomb,"1,877",22%,16.4,7.6,5.75,8.1,119.6,75%,6.46,53%,24.5,80%,55.8,64%,34.4,24%,44,,,,,,
Gearbox,CX11E Power,14,Used-3 months,$199.99,https://bit.ly/48vIn2p,0%,$199.99,Elongated,Unibody Edgeless,Grit,3K Woven Carbon Fiber,Toray T700 Carbon Fiber,"1,480",6%,16.6,8.0,5.38,7.8,98.0,2%,4.69,0%,,,47.8,0%,31.5,1%,1,,,,,,
Gearbox,CX14E,14,Used-1 month,$199.99,https://bit.ly/48vIn2p,0%,$199.99,Elongated,Unibody Edgeless,Grit,3K Woven Carbon Fiber,Toray T700 Carbon Fiber,"1,523",7%,16.6,7.4,5.38,8.0,101.0,4%,4.32,0%,,,,,,,,,,,,,
Gearbox,CX14H Ultimate Power,14,New,$249.99,https://bit.ly/48vIn2p,0%,$249.99,Standard,Unibody Edgeless,Grit,3K Woven Carbon Fiber,Toray T700 Carbon Fiber,"1,962",28%,15.6,8.0,5.38,8.5,107.0,15%,5.78,19%,22.0,2%,51.1,1%,33.1,5%,3,,,,,,
Gearbox,G2 Elongated,14,New,$119.99,https://bit.ly/48vIn2p,0%,$119.99,Elongated,Unibody Edgeless,Grit,Carbon Fiber; Fiberglass,Polypropylene Honeycomb,"2,030",36%,16.5,7.4,5.50,7.9,122.9,89%,5.35,6%,25.4,99%,54.4,26%,32.7,4%,15,,,,,,
Gearbox,G2 Integra,14,New,$139.99,https://bit.ly/48vIn2p,0%,$139.99,Hybrid,Unibody Edgeless,Grit,Carbon Fiber; Fiberglass,Polypropylene Honeycomb,"2,113",52%,16.0,7.4,5.50,7.9,113.3,41%,5.64,12%,24.5,80%,54.2,23%,32.6,3%,13,,,,,,
Gearbox,G2 Quad,14,New,$99.99,https://bit.ly/48vIn2p,0%,$99.99,Standard,Unibody Edgeless,Grit,Carbon Fiber; Fiberglass,Polypropylene Honeycomb,"2,139",57%,15.9,8.0,4.75,7.9,108.0,21%,6.23,43%,23.7,34%,53.3,14%,33.4,6%,10,,,,,,
Gearbox,Pro Control Elongated,14,New,$274.99,https://bit.ly/48vIn2p,0%,$274.99,Elongated,Gen-3 Foam Enhanced,Peel Ply-Coarse,Toray Carbon Fiber,Carbon fiber + foam,"2,130",55%,16.5,7.4,5.5,8.1,122.0,84%,5.07,1%,25.0,97%,56.0,69%,35.1,45%,57,,,,,,
Gearbox,Pro Control Integra,14,New,$274.99,https://bit.ly/48vIn2p,0%,$274.99,Hybrid,Gen-3 Foam Enhanced,Peel Ply-Coarse,Toray Carbon Fiber,Carbon fiber + foam,"2,091",45%,16.0,7.4,5.5,8.0,115.0,48%,5.14,3%,24.5,80%,55.8,64%,35.4,56%,60,,,,,,
Gearbox,Pro Power Elongated,14,New,$274.99,https://bit.ly/48vIn2p,0%,$274.99,Elongated,Gen-3 Foam Enhanced,Peel Ply-Coarse,Toray Carbon Fiber,Carbon fiber + foam,"2,062",40%,16.5,7.4,5.5,8.0,120.0,76%,5.22,3%,24.9,96%,57.7,95%,36.9,91%,93,,,,,,
Gearbox,Pro Power Elongated with 10 grams tungsten,14,Used-3 months,$274.99,https://bit.ly/48vIn2p,0%,$274.99,Elongated,Gen-3 Foam Enhanced,Peel Ply-Coarse,Toray Carbon Fiber,Carbon fiber + foam,"1,827",17%,16.5,7.4,5.5,8.5,122.0,84%,5.67,13%,24.3,73%,61.3,100%,38.0,98%,99,,,,,,
Gearbox,Pro Power Integra,14,New,$274.99,https://bit.ly/48vIn2p,0%,$274.99,Hybrid,Gen-3 Foam Enhanced,Peel Ply-Coarse,Toray Carbon Fiber,Carbon fiber + foam,"2,113",52%,16.0,7.4,5.5,8.0,112.0,34%,5.14,3%,24.2,68%,57.9,95%,37.0,92%,94,,,,,,
Gearbox,Pro Ultimate Elongated,16,New,$274.99,https://bit.ly/48vIn2p,0%,$274.99,Elongated,Gen-3 Foam Enhanced,Peel Ply-Coarse,Toray Carbon Fiber,Carbon fiber + foam,"1,983",31%,16.5,7.4,5.5,7.9,122.3,88%,5.43,7%,25.6,99%,57.1,92%,35.6,62%,77,,,,,,
Gearbox,Pro Ultimate Hyper,16,New,$274.99,https://bit.ly/48vIn2p,0%,$274.99,Standard,Gen-3 Foam Enhanced,Peel Ply-Coarse,Toray Carbon Fiber,Carbon fiber + foam,"2,178",67%,16.0,8.0,5.5,8.0,112.3,36%,6.40,50%,24.7,91%,57.1,92%,35.7,65%,78,,,,,,
Gearbox,Pro Ultimate Power Elongated,14,New,$274.99,https://bit.ly/48vIn2p,$0,$274.99,Elongated,Gen-3 Foam Enhanced,Peel Ply-Coarse,Toray Carbon Fiber,Carbon fiber + foam,"2,270",83%,16.5,7.4,5.50,7.9,126.6,95%,5.54,9%,26.1,100%,57.2,93%,36.8,90%,91,,,,,,
Gentle Booms Sports,GBS-001,11,New,$49.99,JOHNKEW,10%,$44.99,Standard,Welded,Grit,Aluminum,Aluminum Honeycomb,"1,493",6%,15.7,7.8,5.00,8.5,115.0,48%,6.65,66%,23.1,11%,51.9,3%,31.7,2%,2,,,,,,
GRÜVN,CRÜZ-16S,16,New,$129.00,JOHNKEW,10%,$116.10,Wide Body,Gen 1.5 Unibody with Edge Foam,Peel Ply-Coarse,T700 Carbon Fiber,Polypropylene Honeycomb,"2,084",44%,15.7,8.1,5.40,8.3,113.0,40%,7.45,97%,23.6,30%,54.3,25%,34.7,32%,28,,,,,,
GRÜVN,LAZR-16S,16,New,$169.00,JOHNKEW,10%,$152.10,Standard,Thermoformed,Peel Ply-Coarse,3K Kevlar-Carbon Fiber Weave,Polypropylene Honeycomb,"2,213",75%,15.9,8.0,5.35,8.1,106.2,14%,7.09,86%,23.1,11%,54.3,25%,35.2,48%,36,,,,,,
GRÜVN,MÜVN-13S,13,New,$159.00,JOHNKEW,10%,$143.10,Wide Body,Thermoformed,Peel Ply-Coarse,T700 Carbon Fiber,Polypropylene Honeycomb,"1,846",17%,15.7,8.1,5.30,7.9,101.0,4%,6.35,46%,22.5,3%,54.8,36%,36.4,83%,59,,,,,,
GRÜVN,MÜVN-13X,13,New,$159.00,JOHNKEW,10%,$143.10,Elongated,Thermoformed,Peel Ply-Coarse,T700 Carbon Fiber,Polypropylene Honeycomb,"1,975",30%,16.5,7.4,5.50,7.8,114.0,44%,5.93,25%,23.9,51%,55.4,52%,34.9,37%,45,,,,,,
GRÜVN,MÜVN-16E,16,New,$159.00,JOHNKEW,10%,$143.10,Elongated,Thermoformed,Peel Ply-Coarse,T700 Carbon Fiber,Polypropylene Honeycomb,"1,862",20%,16.5,7.4,4.75,8.3,118.0,68%,6.35,46%,23.8,42%,55.0,41%,34.9,37%,39,,,,,,
GRÜVN,MÜVN-16H,16,New,$159.00,JOHNKEW,10%,$143.10,Elongated,Thermoformed,Peel Ply-Fine,T700 Carbon Fiber,Polypropylene Honeycomb,"1,821",16%,16.5,7.4,5.88,8.2,122.0,84%,6.15,34%,24.2,68%,55.6,56%,35.7,65%,60,,,,,,
GRÜVN,MÜVN-16S,16,New,$159.00,JOHNKEW,10%,$143.10,Wide Body,Thermoformed,Peel Ply-Coarse,T700 Carbon Fiber,Polypropylene Honeycomb,"2,002",32%,15.7,8.1,5.30,8.0,103.9,7%,6.80,75%,22.7,5%,54.3,25%,35.0,41%,33,,,,,,
GRÜVN,MÜVN-16X,16,New,$159.00,JOHNKEW,10%,$143.10,Elongated,Thermoformed,Peel Ply-Fine,T700 Carbon Fiber,Polypropylene Honeycomb,"2,013",34%,16.5,7.4,5.50,8.2,116.7,62%,6.30,44%,23.7,34%,54.3,25%,34.2,19%,22,,,,,,
GRÜVN,Raw-13R,13,New,$139.00,JOHNKEW,10%,$125.10,Wide Body,Cold Layered,Peel Ply-Coarse,T700 Carbon Fiber,Polypropylene Honeycomb,"2,171",64%,15.6,8.2,5.25,7.6,96.8,1%,6.51,57%,22.7,5%,52.3,5%,34.6,28%,17,,,,,,
GRÜVN,Raw-13S,13,New,$139.00,JOHNKEW,10%,$125.10,Wide Body,Cold Layered,Peel Ply-Coarse,T700 Carbon Fiber,Polypropylene Honeycomb,"2,255",79%,15.7,8.1,5.30,7.8,106.4,14%,6.80,75%,23.5,23%,53.4,15%,34.9,37%,26,,,,,,
GRÜVN,Raw-13V,13,New,$139.00,JOHNKEW,10%,$125.10,Wide Body,Cold Layered,Peel Ply-Coarse,T700 Carbon Fiber,Polypropylene Honeycomb,"1,965",28%,15.5,8.1,4.75,7.7,99.0,3%,6.80,75%,22.8,8%,52.5,6%,34.8,34%,20,,,,,,
GRÜVN,Raw-16H,16,New,$139.00,JOHNKEW,10%,$125.10,Elongated,Cold Layered,Peel Ply-Coarse,T700 Carbon Fiber,Polypropylene Honeycomb,"2,166",63%,16.5,7.4,5.88,7.7,121.0,79%,5.74,17%,25.0,97%,52.6,7%,33.8,11%,9,,,,,,
GRÜVN,Raw-16R,16,New,$139.00,JOHNKEW,10%,$125.10,Wide Body,Cold Layered,Peel Ply-Coarse,T700 Carbon Fiber,Polypropylene Honeycomb,"1,597",9%,15.6,8.2,5.25,7.7,97.3,2%,6.72,70%,22.6,4%,52.6,7%,33.4,6%,6,,,,,,
GRÜVN,Raw-16RX,16,New,$139.00,JOHNKEW,10%,$125.10,Elongated,Cold Layered,Peel Ply-Coarse,T700 Carbon Fiber,Polypropylene Honeycomb,"1,877",22%,16.5,7.4,6.00,7.8,119.0,71%,5.70,14%,24.5,80%,52.8,9%,34.2,19%,14,,,,,,
GRÜVN,Raw-16S,16,New,$139.00,JOHNKEW,10%,$125.10,Wide Body,Cold Layered,Peel Ply-Coarse,T700 Carbon Fiber,Polypropylene Honeycomb,"2,202",71%,15.7,8.1,5.30,7.8,105.3,10%,6.83,77%,23.3,17%,54.1,21%,33.6,9%,15,,,,,,
GRÜVN,Raw-16V,16,New,$139.00,JOHNKEW,10%,$125.10,Wide Body,Cold Layered,Peel Ply-Coarse,T700 Carbon Fiber,Polypropylene Honeycomb,"2,152",60%,15.5,8.1,4.75,7.8,100.2,4%,7.32,94%,22.9,8%,52.9,12%,33.4,6%,9,,,,,,
GRÜVN,Raw-16X,16,New,$139.00,JOHNKEW,10%,$125.10,Elongated,Cold Layered,Peel Ply-Coarse,T700 Carbon Fiber,Polypropylene Honeycomb,"2,152",60%,16.5,7.4,5.50,8.0,122.0,84%,6.07,30%,24.5,80%,53.8,18%,33.8,11%,15,,,,,,
GRYP,Balance 1 - 10g cap,15,New,$200.00,JOHNKEW,10%,$180.00,Elongated,Thermoformed,Peel Ply-Coarse,T700 Carbon Fiber,Polypropylene Honeycomb,"2,107",49%,16.5,7.5,5.50,8.3,113.0,41%,6.15,34%,22.7,5%,54.6,30%,34.7,32%,31,,,,,,
GRYP,Balance 1 - 30g cap,15,New,$200.00,JOHNKEW,10%,$180.00,Elongated,Thermoformed,Peel Ply-Coarse,T700 Carbon Fiber,Polypropylene Honeycomb,"2,042",38%,16.5,7.5,5.50,8.9,114.0,44%,6.00,27%,21.0,0%,55.7,62%,35.7,65%,63,,,,,,
Honolulu Pickleball Co.,J2K,16,New,$155.00,JOHNKEW-KEVLAR,$20,$135.00,Hybrid,Thermoformed,Peel Ply-Coarse,Dupont Kevlar,Polypropylene Honeycomb,"2,101",47%,16.2,7.8,5.30,8.2,115.4,54%,7.00,83%,23.7,34%,55.5,54%,35.8,68%,61,,,,,,
Honolulu Pickleball Co.,J2K Pro,16,New,$165.00,JOHNKEW-KEVLAR,$20,$145.00,Hybrid,Thermoformed,Peel Ply-Coarse,Dupont Kevlar,Polypropylene Honeycomb,"2,044",39%,16.2,7.8,5.30,7.9,110.0,26%,6.84,78%,23.4,20%,55.6,56%,35.9,71%,63,,,,,,
Honolulu Pickleball Co.,J2K with 10 grams tungsten tape,16,New,$155.00,JOHNKEW-KEVLAR,$20,$135.00,Hybrid,Thermoformed,Peel Ply-Coarse,Dupont Kevlar,Polypropylene Honeycomb,"2,101",47%,16.2,7.8,5.30,8.4,113.4,41%,7.35,95%,23.3,17%,55.1,45%,35.5,60%,52,,,,,,
Honolulu Pickleball Co.,J2K with 10 grams tungsten tape & 28-gram Slyce cap,16,New,$155.00,JOHNKEW-KEVLAR,$20,$135.00,Hybrid,Thermoformed,Peel Ply-Coarse,Dupont Kevlar,Polypropylene Honeycomb,"2,101",47%,16.2,7.8,5.30,9.4,115.4,53%,7.48,98%,21.7,2%,55.6,56%,35.9,71%,63,,,,,,
Honolulu Pickleball Co.,J2K+,16,New,$165.00,JOHNKEW-KEVLAR,$20,$145.00,Hybrid,Gen-3 Foam Enhanced,Peel Ply-Coarse,Dupont Kevlar,Polypropylene + Foam,"2,116",53%,16.2,7.8,5.30,8.3,115.1,51%,7.21,90%,23.8,42%,56.2,76%,36.7,89%,82,,,,,,
Honolulu Pickleball Co.,J2Ti,16,New,$155.00,JOHNKEW,10%,$139.50,Hybrid,Thermoformed,Peel Ply-Coarse,Carbon Fiber & PET Electroplated Fiber,Polypropylene Honeycomb,"2,111",50%,16.2,7.8,5.30,8.1,112.7,38%,6.90,79%,23.7,34%,55.8,64%,35.4,56%,60,,,,,,
Honolulu Pickleball Co.,J2Ti with 10 grams tungsten tape,16,New,$155.00,JOHNKEW,10%,$139.50,Hybrid,Thermoformed,Peel Ply-Coarse,Carbon Fiber & PET Electroplated Fiber,Polypropylene Honeycomb,"2,111",50%,16.2,7.8,5.30,8.3,113.7,43%,7.30,94%,23.6,30%,56.0,69%,35.2,48%,59,,,,,,
Honolulu Pickleball Co.,J2Ti with 10 grams tungsten tape & 28-gram Slyce cap,16,New,$155.00,JOHNKEW,10%,$139.50,Hybrid,Thermoformed,Peel Ply-Coarse,Carbon Fiber & PET Electroplated Fiber,Polypropylene Honeycomb,"2,111",50%,16.2,7.8,5.30,9.1,115.1,51%,7.40,96%,21.6,1%,56.0,69%,35.4,56%,62,,,,,,
Honolulu Pickleball Co.,J2Ti+,16,New,$165.00,JOHNKEW,10%,$148.50,Hybrid,Gen-3 Foam Enhanced,Peel Ply-Coarse,Dupont Kevlar,Polypropylene + Foam,"2,137",56%,16.2,7.8,5.30,8.3,117.8,68%,7.22,91%,23.9,51%,55.9,67%,36.2,76%,72,,,,,,
Honolulu Pickleball Co.,J3K,16,New,$165.00,JOHNKEW-KEVLAR,$20,$145.00,Standard,Thermoformed,Peel Ply-Coarse,Dupont Kevlar,Polypropylene Honeycomb,"1,959",27%,16.0,8.0,6.00,8.2,115.9,56%,7.23,91%,23.9,51%,55.0,41%,36.2,76%,58,,,,,,
Honolulu Pickleball Co.,J3K Pro,16,New,$165.00,JOHNKEW-KEVLAR,$20,$145.00,Standard,Thermoformed,Peel Ply-Coarse,Dupont Kevlar,Polypropylene Honeycomb,"1,973",29%,16.0,8.0,6.00,8.1,111.6,33%,7.05,85%,23.5,23%,54.8,36%,35.9,71%,53,,,,,,
Honolulu Pickleball Co.,J7K Pro,16,New,$165.00,JOHNKEW-KEVLAR,$20,$145.00,Standard,Thermoformed,Peel Ply-Coarse,Dupont Kevlar,Polypropylene Honeycomb,"2,285",85%,16.6,7.3,5.50,8.0,116.9,63%,6.14,34%,23.9,51%,56.0,69%,35.0,41%,55,,,,,,
Honolulu Pickleball Co.,Sword & Shield-J1,16,New,$166.50,JOHNKEW,10%,$149.85,Elongated,Thermoformed,Peel Ply-Coarse,Toray Carbon Fiber,Polypropylene Honeycomb,"1,880",23%,16.5,7.5,5.75,8.8,127.8,97%,6.90,79%,24.1,62%,54.9,39%,34.3,21%,30,,,,,,
Honolulu Pickleball Co.,Sword & Shield-J1H,16,New,$166.50,JOHNKEW,10%,$149.85,Elongated,Thermoformed,Peel Ply-Coarse,Toray Carbon Fiber,Polypropylene Honeycomb,"2,032",36%,16.5,7.5,5.75,8.7,129.9,99%,6.80,75%,24.0,58%,56.9,86%,34.6,28%,57,,,,,,
Honolulu Pickleball Co.,Sword & Shield-J2,16,New,$145.00,JOHNKEW,10%,$130.50,Hybrid,Thermoformed,Peel Ply-Coarse,Toray Carbon Fiber,Polypropylene Honeycomb,"1,714",10%,16.2,7.8,5.50,8.0,117.7,67%,6.55,59%,24.0,58%,55.2,47%,34.4,24%,35,,,,,,
Honolulu Pickleball Co.,Sword & Shield-J3,16,New,$130.50,JOHNKEW,10%,$117.45,Standard,Thermoformed,Peel Ply-Coarse,Toray Carbon Fiber,Polypropylene Honeycomb,"1,778",13%,16.0,8.0,6.00,8.0,111.4,32%,7.00,83%,23.6,30%,55.1,45%,34.5,26%,35,,,,,,
Honolulu Pickleball Co.,Sword & Shield-J5,16,New,$166.50,JOHNKEW,10%,$149.85,Elongated,Thermoformed,Peel Ply-Coarse,Toray Carbon Fiber,Polypropylene Honeycomb,"2,067",41%,17.0,7.0,5.75,8.6,130.1,99%,6.15,34%,24.3,73%,55.7,62%,34.2,19%,41,,,,,,
Hudef,Mage Pro,16,New,$99.00,JOHNKEW,15%,$84.15,Elongated,Thermoformed,Peel Ply-Coarse,T700 Carbon Fiber,Polypropylene Honeycomb,"2,004",33%,16.5,7.4,5.35,8.1,119.0,71%,6.40,50%,24.2,68%,54.1,21%,34.1,16%,19,,,,,,
Hudef,Mage Pro Gen 2,14,New,$169.99,JOHNKEW,15%,$144.49,Hybrid,Thermoformed,Peel Ply-Coarse,Kevlar & Carbon Fiber,Polypropylene Honeycomb,"2,056",39%,16.1,7.8,5.30,7.9,108.6,23%,6.60,63%,23.8,42%,55.1,45%,34.8,34%,40,,,,,,
Hudef,Viva Pro Gen1,16,New,$99.00,JOHNKEW,15%,$84.15,Elongated,Thermoformed,Peel Ply-Coarse,T700 Carbon Fiber,Polypropylene Honeycomb,"2,077",42%,16.5,7.4,5.50,8.1,122.0,84%,6.16,37%,24.4,77%,52.1,4%,33.9,13%,9,,,,,,
Hudef,Viva Pro Gen2,16,New,$129.99,JOHNKEW,15%,$110.49,Elongated,Thermoformed,Peel Ply-Coarse,T700 Carbon Fiber,Polypropylene Honeycomb,"2,060",40%,16.5,7.4,5.50,8.1,128.0,97%,6.50,56%,25.3,98%,55.5,54%,34.8,34%,44,,,,,,
JOOLA,Hyperion 3S,16,New,$279.95,JOHNKEW,10%,$251.96,Elongated,Thermoformed,Peel Ply-Coarse,Carbon Fiber,Polypropylene + Foam,"2,139",57%,16.5,7.5,5.50,7.9,115.1,51%,6.03,28%,24.3,73%,56.8,83%,36.5,85%,84,,,,,,
JOOLA,Hyperion CAS,16,Used-2 months,$159.95,JOHNKEW,10%,$143.96,Elongated,Cold Layered,Grit,Fiberglass,Polypropylene Honeycomb,"1,234",3%,16.5,7.5,5.50,8.3,125.0,92%,6.37,47%,24.5,80%,,,,,,,,,,,
JOOLA,Hyperion CFS,16,New,$219.95,JOHNKEW,10%,$197.96,Elongated,Hybrid,Peel Ply-Coarse,Carbon Fiber,Polypropylene Honeycomb,"1,725",11%,16.5,7.5,5.50,8.4,127.0,96%,6.57,61%,24.8,93%,51.6,2%,,,,,,,,,
JOOLA,Hyperion CFS,16,Used-3 months,$219.95,JOHNKEW,10%,$197.96,Elongated,Hybrid,Peel Ply-Coarse,Carbon Fiber,Polypropylene Honeycomb,"1,333",5%,16.5,7.5,5.50,8.4,127.0,96%,6.57,61%,24.8,93%,51.6,2%,,,,,,,,,
JOOLA,Hyperion CFS Swift,16,New,$219.95,JOHNKEW,10%,$197.96,Elongated,Hybrid,Peel Ply-Coarse,Carbon Fiber,Polypropylene Honeycomb,"1,420",5%,16.5,7.5,5.50,7.9,,,,,,,,,,,,,,,,,
JOOLA,Magnus 3 Tyson McGuffin,14,New,$280.00,JOHNKEW,10%,$252.00,Elongated,Gen-3 Foam Enhanced,Peel Ply-Coarse,Carbon Fiber,Polypropylene + Foam,"2,425",99%,16.5,7.5,5.00,8.0,114.7,48%,6.05,29%,24.1,62%,57.3,94%,37.2,93%,93,,,,,,
JOOLA,Magnus 3S,16,New,$279.95,JOHNKEW,10%,$251.96,Elongated,Gen-3 Foam Enhanced,Peel Ply-Coarse,Carbon Fiber,Polypropylene + Foam,"2,117",53%,16.5,7.5,5.00,7.9,114.0,46%,6.12,32%,24.1,62%,57.1,92%,36.3,79%,85,,,,,,
JOOLA,Perseus 3 Ben Johns,16,New,$280.00,JOHNKEW,10%,$252.00,Elongated,Gen-3 Foam Enhanced,Peel Ply-Coarse,Carbon Fiber,Polypropylene + Foam,"2,487",100%,16.5,7.5,5.50,8.0,119.2,74%,6.08,30%,24.2,68%,57.6,94%,37.3,97%,95,,,,,,
JOOLA,Perseus 3 Ben Johns,14,New,$280.00,JOHNKEW,10%,$252.00,Elongated,Gen-3 Foam Enhanced,Peel Ply-Coarse,Carbon Fiber,Polypropylene + Foam,"2,193",69%,16.5,7.5,5.50,8.0,116.9,63%,5.83,21%,24.2,68%,56.9,86%,38.3,99%,92,,,,,,
JOOLA,Perseus 3S,14,New,$279.95,JOHNKEW,10%,$251.96,Elongated,Gen-3 Foam Enhanced,Peel Ply-Coarse,Carbon Fiber,Polypropylene + Foam,"2,141",58%,16.5,7.5,5.50,8.0,120.4,78%,6.07,30%,24.5,80%,56.9,86%,36.7,89%,87,,,,,,
JOOLA,Perseus 3S,16,New,$279.95,JOHNKEW,10%,$251.96,Elongated,Gen-3 Foam Enhanced,Peel Ply-Coarse,Carbon Fiber,Polypropylene + Foam,"2,148",59%,16.5,7.5,5.50,7.9,118.6,71%,6.15,34%,24.7,91%,56.9,86%,36.5,85%,86,,,,,,
JOOLA,Perseus MOD TA-15,16,New,$280.00,JOHNKEW,10%,$252.00,Elongated,Gen-3 Foam Enhanced,Peel Ply-Coarse,Carbon Fiber,Polypropylene + Foam,"2,243",77%,16.5,7.5,5.50,8.8,119.2,73%,6.12,32%,24.6,86%,58.7,96%,37.2,93%,95,,,,,,
JOOLA,Scorpeus 3 Anna Bright,14,New,$280.00,JOHNKEW,10%,$252.00,Standard,Gen-3 Foam Enhanced,Peel Ply-Coarse,Carbon Fiber,Polypropylene + Foam,"2,310",89%,16.0,8.0,5.25,7.8,109.3,25%,6.64,66%,24.0,58%,56.9,86%,38.6,100%,93,,,,,,
JOOLA,Scorpeus 3 Collin Johns,16,New,$280.00,JOHNKEW,10%,$252.00,Standard,Gen-3 Foam Enhanced,Peel Ply-Coarse,Carbon Fiber,Polypropylene + Foam,"2,115",53%,16.0,8.0,5.25,8.0,111.7,33%,6.94,82%,23.7,34%,57.0,90%,38.0,98%,94,,,,,,
JOOLA,Scorpeus 3S,16,New,$279.95,JOHNKEW,10%,$251.96,Standard,Gen-3 Foam Enhanced,Peel Ply-Coarse,Carbon Fiber,Polypropylene + Foam,"2,213",75%,16.0,8.0,5.25,8.0,111.6,33%,7.00,83%,23.9,51%,56.2,76%,37.1,93%,84,,,,,,
JOOLA,Scorpeus Collin Johns,16,New,$249.95,JOHNKEW,10%,$224.96,Standard,Thermoformed,Peel Ply-Coarse,Carbon Fiber,Polypropylene Honeycomb,"1,889",23%,16.0,8.0,5.25,8.1,114.0,44%,6.95,82%,23.9,51%,52.2,5%,34.1,16%,10,,,,,,
JOOLA,Solaire,14,New,$189.95,JOHNKEW,10%,$170.96,Standard,Hybrid,Peel Ply-Coarse,Carbon Fiber,Polypropylene Honeycomb,"1,917",26%,16.0,8.0,5.50,8.4,,,,,,,,,,,,,,,,,
JOOLA,Solaire,14,Used-1 month,$189.95,JOHNKEW,10%,$170.96,Standard,Hybrid,Peel Ply-Coarse,Carbon Fiber,Polypropylene Honeycomb,"1,774",13%,16.0,8.0,5.50,8.4,,,,,,,,,,,,,,,,,
Komodo,Katana,16,New,$227.97,JOHNKEW,10%,$205.17,Elongated,Cold Layered,Peel Ply-Coarse,Kevlar 3K Cloth,Polypropylene Honeycomb,"2,032",36%,16.5,7.5,5.25,7.5,106.5,14%,5.75,17%,23.8,42%,53.9,20%,33.4,6%,13,,,,,,
Komodo,Tonto 18K,14,New,$227.97,JOHNKEW,10%,$205.17,Elongated,Thermoformed,Peel Ply-Coarse,18K Carbon Fiber,Polypropylene Honeycomb,"1,854",19%,16.5,7.4,5.80,7.1,100.0,3%,5.32,5%,23.3,17%,54.5,29%,35.3,53%,41,,,,,,
Komodo,Tonto Unidirectional,14,New,$227.97,JOHNKEW,10%,$205.17,Elongated,Thermoformed,Peel Ply-Coarse,T700 Carbon Fiber,Polypropylene Honeycomb,"1,765",13%,16.5,7.4,5.80,8.1,118.5,70%,5.64,12%,23.6,30%,54.8,36%,35.3,53%,44,,,,,,
Legacy,Legacy Pro,16,New,$150.00,JOHNKEW,10%,$135.00,Elongated,Thermoformed,Peel Ply-Fine,Toray Carbon Fiber,Polypropylene Honeycomb,"1,913",25%,16.5,7.5,5.30,8.0,121.0,79%,6.43,52%,,,,,,,,,,,,,
Maverix,Clash-15 All Court,15,New,$164.99,JOHNKEW,15%,$140.24,Hybrid,Thermoformed,Peel Ply-Coarse,T700 Carbon Fiber,Polypropylene Honeycomb,"2,161",63%,16.2,7.7,5.40,8.1,117.2,66%,6.55,59%,23.9,51%,55.1,45%,35.0,41%,43,,,,,,
Maverix,Clash-15 Pro,15,New,$179.99,JOHNKEW,15%,$152.99,Hybrid,Thermoformed,Peel Ply-Coarse,Kevlar & Carbon Fiber,Polypropylene Honeycomb,"1,986",31%,16.2,7.7,5.40,8.2,116.2,59%,6.42,51%,23.9,51%,55.4,52%,35.1,45%,48,,,,,,
Maverix,Havik-15 All Court,15,New,$164.99,JOHNKEW,15%,$140.24,Elongated,Thermoformed,Peel Ply-Coarse,T700 Carbon Fiber,Polypropylene Honeycomb,"2,028",35%,16.5,7.5,5.50,8.2,117.2,66%,6.36,47%,23.9,51%,55.0,41%,35.1,45%,43,,,,,,
Maverix,Havik-15 Pro,15,New,$179.99,JOHNKEW,15%,$152.99,Elongated,Thermoformed,Peel Ply-Coarse,Kevlar & Carbon Fiber,Polypropylene Honeycomb,"2,002",32%,16.5,7.5,5.50,8.3,118.7,71%,6.58,62%,24.1,62%,55.6,56%,34.9,37%,47,,,,,,
Monarch,Mercenary Graphite 2,10.3,Used-3 months,$79.99,,,$79.99,Standard,Cold Layered,Grit,Graphite,Polypropylene Honeycomb,"1,099",1%,15.5,8.2,4.50,7.8,108.0,21%,,,,,,,,,,,,,,,
Neonic,Flare Prime X,14,New,$139.99,JOHNKEW,10%,$125.99,Standard,Thermoformed,Peel Ply-Coarse,Toray Carbon Fiber,Polypropylene Honeycomb,"2,149",60%,16.0,8.0,5.50,7.6,107.3,18%,6.68,69%,23.8,42%,55.6,56%,36.5,85%,71,,,,,,
Neonic,Flare Titanium,16,New,$149.99,JOHNKEW,10%,$134.99,Standard,Thermoformed,Peel Ply-Coarse,Carbon Fiber & Titanium,Polypropylene Honeycomb,"2,204",72%,16.0,8.0,5.50,8.1,113.5,42%,7.01,84%,23.8,42%,55.9,67%,34.8,34%,51,,,,,,
Neonic,Flow,16,New,$119.99,JOHNKEW,10%,$107.99,Hybrid,Thermoformed,Peel Ply-Coarse,Toray Carbon Fiber,Polypropylene Honeycomb,"2,310",89%,16.3,7.6,5.50,8.1,116.3,59%,6.53,58%,23.9,51%,54.9,39%,34.6,28%,33,,,,,,
Neonic,Flow Prime X,16,New,$139.99,JOHNKEW,10%,$125.99,Hybrid,Thermoformed,Peel Ply-Coarse,Toray Carbon Fiber,Polypropylene Honeycomb,"2,158",62%,16.3,7.6,5.50,8.1,116.1,58%,6.49,55%,23.8,42%,54.5,29%,35.2,48%,38,,,,,,
Nexus,ProStar,16,New,$169.99,JOHNKEW,10%,$152.99,Elongated,Thermoformed,Peel Ply-Coarse,"Carbon Fiber & PET Fibers (""Titanium"")",Foam-filled polypropylene honeycomb,"1,797",14%,16.5,7.5,5.50,8.2,122.6,89%,6.38,48%,24.4,77%,55.7,62%,36.3,79%,70,,,,,,
OM,Aero,14,New,$245.00,JOHNKEW,10%,$220.50,Wide Body,Thermoformed,Grit,T700 Carbon Fiber,Polypropylene Honeycomb,"1,584",8%,15.8,8.2,5.00,7.9,106.7,15%,6.48,54%,23.5,23%,56.2,76%,36.3,79%,77,,,,,,
Owl,Owl CXE,16,New,$169.00,,,$169.00,Elongated,Cold Layered,Acoustene Composite,Acoustene Composite,Polypropylene Honeycomb,"2,380",97%,16.5,7.5,5.30,7.9,118.5,70%,5.51,8%,25.6,99%,54.7,33%,34.5,26%,29,,,,,,
PaddleTek,Bantam ALW-C,12.7,New,$229.99,,10%,$206.99,Standard,Cold Layered,Peel Ply-Coarse,Toray Carbon Fiber & Fiberglass,Polypropylene Honeycomb,"2,241",77%,15.9,7.9,5.25,7.8,103.4,6%,6.51,57%,23.5,23%,56.9,86%,37.2,93%,89,,,,,,
PaddleTek,Bantam ALW-C,14.3,New,$229.99,,10%,$206.99,Standard,Cold Layered,Peel Ply-Coarse,Toray Carbon Fiber & Fiberglass,Polypropylene Honeycomb,"2,390",98%,15.9,7.9,5.25,7.7,107.9,20%,6.76,74%,23.7,34%,56.9,86%,36.8,90%,88,,,,,,
PaddleTek,Bantam ESQ-C,12.7,New,$249.99,,10%,$224.99,Standard,Cold Layered,Peel Ply-Coarse,Toray Carbon Fiber & Fiberglass,Polypropylene Honeycomb,"2,339",93%,15.9,8.0,5.50,7.6,102.5,5%,6.60,63%,23.2,14%,57.0,90%,37.2,93%,92,,,,,,
PaddleTek,Bantam ESQ-C,14.3,New,$249.99,,10%,$224.99,Standard,Cold Layered,Peel Ply-Coarse,Toray Carbon Fiber & Fiberglass,Polypropylene Honeycomb,"2,304",87%,15.9,8.0,5.50,7.7,106.9,15%,6.70,70%,24.1,62%,56.8,83%,36.6,87%,85,,,,,,
PaddleTek,Bantam TKO-C,12.7,New,$229.99,https://www.paddletek.com/6xAhP5,10%,$206.99,Elongated,Cold Layered,Peel Ply-Coarse,Toray Carbon Fiber & Fiberglass,Polypropylene Honeycomb,"2,314",90%,16.5,7.5,5.25,7.7,113.0,40%,6.55,59%,24.4,77%,56.4,78%,37.2,93%,86,,,,,,
PaddleTek,Bantam TKO-CX,14.3,New,$229.99,https://www.paddletek.com/6xAhP5,10%,$206.99,Elongated,Cold Layered,Peel Ply-Coarse,Toray Carbon Fiber & Fiberglass,Polypropylene Honeycomb,"2,293",86%,16.5,7.5,5.75,7.9,121.7,82%,6.38,48%,25.0,97%,56.5,81%,36.4,83%,82,,,,,,
PaddleTek,Tempest TKO-C,14.3,New,$209.99,https://www.paddletek.com/6xAhP5,10%,$188.99,Standard,Cold Layered,Peel Ply-Coarse,Toray Carbon Fiber & Fiberglass,Polypropylene Honeycomb,"2,204",72%,16.5,7.5,5.25,8.3,124.0,90%,6.59,63%,24.6,86%,56.6,82%,36.4,83%,82,,,,,,
PaddleTek,Tempest Wave Pro-C,14.3,New,$209.99,https://www.paddletek.com/6xAhP5,10%,$188.99,Standard,Cold Layered,Peel Ply-Coarse,Toray Carbon Fiber & Fiberglass,Polypropylene Honeycomb,"2,302",87%,15.9,8.0,5.25,8.2,112.4,37%,7.19,89%,23.7,34%,55.5,54%,36.5,85%,70,,,,,,
PCKL,Pro 13,13,New,$159.99,JOHNKEW,10%,$143.99,Hybrid,Thermoformed,Peel Ply-Coarse,Toray Carbon Fiber,Polypropylene Honeycomb,"1,834",17%,16.3,7.5,5.50,8.1,120.0,76%,5.91,24%,23.2,14%,51.3,1%,32.3,3%,2,,,,,,
PCKL,Pro 16,16,New,$159.99,JOHNKEW,10%,$143.99,Hybrid,Thermoformed,Peel Ply-Coarse,Toray Carbon Fiber,Polypropylene Honeycomb,"1,853",19%,16.3,7.5,5.50,7.8,121.0,79%,6.56,61%,23.8,42%,52.8,9%,32.1,2%,6,,,,,,
Pickleball Apes,Pro Line Energy,16.5,New,$149.99,JOHNKEW,10%,$134.99,Elongated,Thermoformed,Peel Ply-Coarse,Kevlar & Carbon Fiber,Polypropylene Narrow-Cell Honeycomb,"2,081",44%,17.0,7.0,6.25,8.3,122.0,84%,5.70,14%,24.7,91%,55.3,49%,34.9,37%,43,,,,,,
Pickleball Apes,Pro Line Energy S,16.5,New,$169.99,JOHNKEW,10%,$152.99,Elongated,Thermoformed,Peel Ply-Coarse,Kevlar & Carbon Fiber,Polypropylene Narrow-Cell Honeycomb,"2,192",69%,16.4,7.6,5.50,8.1,118.0,68%,6.34,46%,24.2,68%,55.9,67%,35.6,62%,65,,,,,,
Pickleball Apes,Pulse E,16.5,New,$199.99,JOHNKEW,10%,$179.99,Elongated,Gen-3 Foam Enhanced,Peel Ply-Coarse,Kevlar & Nylon,Polypropylene + Foam,"2,286",86%,16.9,7.1,6.00,8.3,129.3,98%,5.88,23%,24.8,93%,56.7,83%,36.1,75%,79,,,,,,
Pickleball Apes,Pulse S,16.5,New,$199.99,JOHNKEW,10%,$179.99,Hybrid,Gen-3 Foam Enhanced,Peel Ply-Coarse,Kevlar & Nylon,Polypropylene + Foam,"2,183",67%,16.3,7.6,5.50,8.0,114.4,47%,6.26,44%,24.1,62%,56.4,78%,36.2,76%,77,,,,,,
Pickleball Apes,Pulse V,16.5,New,$199.99,JOHNKEW,10%,$179.99,Wide Body,Gen-3 Foam Enhanced,Peel Ply-Coarse,Kevlar & Nylon,Polypropylene + Foam,"2,160",62%,15.8,8.1,5.50,8.2,112.5,37%,7.47,98%,23.8,42%,56.1,73%,36.3,79%,76,,,,,,
Pickleball Apes,Pulse X,16,New,$199.99,JOHNKEW,10%,$199.89,Elongated,Gen-3 Foam Enhanced,Peel Ply-Coarse,Kevlar & Nylon,Polypropylene + Foam,"2,184",68%,16.5,7.5,5.50,8.1,122.4,88%,6.20,39%,24.8,93%,56.1,73%,35.9,71%,72,,,,,,
PIKKL,Hurricane Pro,14,New,$159.99,JOHNKEW,10%,$143.99,Standard,Thermoformed,Peel Ply-Coarse,T700 Carbon Fiber,Polypropylene Honeycomb,"2,280",84%,16.0,8.0,5.50,7.8,107.7,19%,6.60,63%,23.6,30%,55.0,41%,35.4,56%,48,,,,,,
PIKKL,Hurricane Pro,16,New,$159.99,JOHNKEW,10%,$143.99,Standard,Thermoformed,Peel Ply-Coarse,T700 Carbon Fiber,Polypropylene Honeycomb,"2,404",98%,16.0,8.0,5.50,7.8,108.6,23%,6.79,74%,23.9,51%,54.4,26%,35.2,48%,37,,,,,,
PIKKL,Vantage Pro,16,New,$139.99,JOHNKEW,10%,$125.99,Elongated,Thermoformed,Peel Ply-Coarse,Carbon Fiber,Polypropylene Honeycomb,"2,260",80%,16.3,7.5,5.35,8.4,121.2,81%,6.64,66%,23.9,51%,56.0,69%,34.8,34%,52,,,,,,
PIKKL,Vantage Pro,14,New,$139.99,JOHNKEW,10%,$125.99,Elongated,Thermoformed,Peel Ply-Coarse,Carbon Fiber,Polypropylene Honeycomb,"2,367",96%,16.3,7.5,5.35,7.9,111.5,32%,6.19,39%,23.8,42%,55.8,64%,35.0,41%,53,,,,,,
ProDrive,Drive Carbon,19,New,$199.00,JOHNKEW,10%,$179.10,Elongated,Thermoformed,Peel Ply-Coarse,Toray Carbon Fiber,Polypropylene + Kevlar,"1,870",22%,16.4,7.6,5.30,8.6,130.0,99%,7.24,92%,24.5,80%,55.6,56%,33.4,6%,31,,,,,,
ProDrive,Encounter,16,New,$219.00,JOHNKEW,10%,$197.10,Elongated,Thermoformed,Peel Ply-Coarse,T700 Carbon Fiber,Polypropylene + Kevlar,"2,020",35%,16.5,7.3,5.50,8.2,119.2,73%,5.49,7%,24.1,62%,56.7,83%,34.5,26%,54,,,,,,
ProDrive,Ghost,16,New,$189.00,JOHNKEW,10%,$170.10,Elongated,Thermoformed,Peel Ply-Coarse,Toray Carbon Fiber,Kevlar,"1,817",16%,16.4,7.6,5.30,8.0,117.0,64%,6.73,71%,23.9,51%,55.6,56%,35.1,45%,50,,,,,,
ProKennex,Black Ace Pro,10,New,$250.00,JOHNKEW (at Pickleball Central),10%,$225.00,Standard,Hot Molded,Peel Ply,Toray Carbon Fiber,Polypropylene Honeycomb,"1,848",18%,15.8,7.6,5.30,8.1,105.0,9%,6.17,38%,22.6,4%,54.5,29%,37.4,97%,63,,,,,,
ProKennex,Black Ace Pro,10,Used-3 months,$250.00,JOHNKEW (at Pickleball Central),10%,$225.00,Standard,Hot Molded,Peel Ply,Toray Carbon Fiber,Polypropylene Honeycomb,"1,525",7%,15.8,7.6,5.30,8.1,105.0,9%,6.17,38%,22.6,4%,54.5,29%,37.4,97%,63,,,,,,
Prokennex,Pro Spin,11,New,$220.00,JOHNKEW (at Pickleball Central),10%,$198.00,Standard,Unibody Edgeless,Grit,Composit with Submerged Strings,Polypropylene Honeycomb,"1,477",6%,15.7,7.6,5.12,7.6,,,,,,,,,,,,,,,,,
PROLITE,K2 Power,14,New,$180.00,,,$180.00,Standard,Thermoformed,Grit,Toray Carbon Fiber,Polypropylene Honeycomb,"1,628",9%,15.7,8.1,4.75,7.8,101.0,4%,6.40,50%,22.7,5%,54.0,20%,33.6,9%,15,,,,,,
Proton,Series Four,15,New,$300.00,JOHNKEW,10%,$270.00,Elongated,Thermoformed,Peel Ply-Coarse,3K Kevlar-Carbon Fiber Weave,Polypropylene Honeycomb,"2,114",52%,16.5,7.5,5.50,8.0,116.4,61%,5.61,11%,24.1,62%,56.4,78%,35.5,60%,69,,,,,,
Proton,Series One-Type A,11,New,$280.00,JOHNKEW,10%,$252.00,Standard,Cold Layered,NanoTac,Carbon Fiber,Polypropylene Honeycomb,"2,112",51%,15.8,8.3,5.25,8.1,114.5,47%,6.75,72%,24.1,62%,55.3,49%,36.6,87%,68,,,,,,
Proton,Series One-Type A,15,New,$280.00,JOHNKEW,10%,$252.00,Standard,Cold Layered,NanoTac,Carbon Fiber,Polypropylene Honeycomb,"2,276",84%,15.8,8.3,5.25,8.4,119.1,73%,7.20,90%,23.9,51%,54.8,36%,33.4,6%,21,,,,,,
Proton,Series One-Type B,15,New,$280.00,JOHNKEW,10%,$252.00,Elongated,Thermoformed,NanoTac,Carbon Fiber,Nomex Honeycomb,"2,336",92%,16.8,7.3,5.25,8.8,129.6,98%,6.55,59%,24.3,73%,56.1,73%,34.2,19%,46,,,,,,
Proton,Series Three,15.6,New,$240.00,JOHNKEW,10%,$216.00,Elongated,Thermoformed,Peel Ply-Coarse,Carbon Fiber,Polypropylene Honeycomb,"1,755",12%,16.5,7.5,5.38,8.2,122.5,88%,6.72,70%,24.5,80%,56.1,73%,33.7,11%,42,,,,,,
Proton,Series Two,16.2,New,$220.00,JOHNKEW,10%,$198.00,Hybrid,Thermoformed,Grit,Carbon Fiber,Polypropylene Honeycomb,"1,818",16%,16.5,7.5,5.38,8.3,120.6,78%,5.98,27%,24.2,68%,53.1,12%,34.4,24%,18,,,,,,
ProXR,Connor Garnett,14,New,$209.99,JOHNKEW,10%,$188.99,Elongated,Thermoformed,Peel Ply-Coarse,T700 Carbon Fiber,Polypropylene Honeycomb,"2,163",63%,16.5,7.5,6.00,8.2,110.0,26%,5.52,9%,22.5,3%,54.1,21%,34.1,16%,19,,,,,,
ProXR,Signature,16,New,$209.99,JOHNKEW,10%,$188.99,Elongated,Thermoformed,Peel Ply-Coarse,T700 Carbon Fiber,Polypropylene Honeycomb,"2,264",81%,16.5,7.5,6.00,8.4,116.3,60%,5.77,19%,23.2,14%,55.8,64%,35.2,48%,56,,,,,,
ProXR,Sweet Spot,16,New,$209.99,JOHNKEW,10%,$188.99,Standard,Thermoformed,Peel Ply-Coarse,T700 Carbon Fiber,Polypropylene Honeycomb,"2,169",64%,16.0,8.0,5.25,8.4,115.6,55%,6.98,83%,23.5,23%,54.2,23%,35.3,53%,38,,,,,,
ProXR,"Zane Navratil ""The Standard""",14,New,$209.99,JOHNKEW,10%,$188.99,Standard,Thermoformed,Peel Ply-Coarse,T700 Carbon Fiber,Polypropylene Honeycomb,"2,260",80%,16.0,8.0,5.25,8.2,107.0,15%,6.92,81%,22.7,5%,54.6,30%,34.7,32%,31,,,,,,
Reload,RLD 1-16,16,New,$200.00,JOHNKEW,10%,$180.00,Elongated,Thermoformed,Peel Ply-Coarse,T700 Carbon Fiber,Polypropylene Honeycomb,"2,108",50%,16.5,7.5,5.50,8.3,125.7,94%,6.54,58%,24.6,86%,54.8,36%,34.9,37%,37,,,,,,
Revolin,Revo Pro Pure Hybrid,16,New,$219.99,JOHNKEW,10%,$197.99,Hybrid,Cold Layered,Peel Ply-Coarse,Basalt epoxy,Polypropylene Honeycomb,"2,189",69%,15.9,7.8,5.25,8.1,104.5,8%,6.44,53%,22.7,5%,56.4,78%,34.1,16%,47,,,,,,
Revolin,Revo Pro Reach Hybrid,16,New,$219.99,JOHNKEW,10%,$197.99,Elongated,Cold Layered,Peel Ply-Coarse,Basalt epoxy,Polypropylene Honeycomb,"2,034",38%,16.4,7.3,6.00,8.0,107.8,19%,5.54,9%,23.0,10%,56.9,86%,33.8,11%,49,,,,,,
Revolin,Revo Reach Control,16,New,$189.00,,,$189.00,Elongated,Cold Layered,Grit,Flax & Hemp,Polypropylene Honeycomb,"1,056",1%,16.5,7.5,5.50,7.9,,,,,,,,,,,,,,,,,
Rokne,Republic 2.16 Standard,16,New,$209.99,JOHNKEW,10%,$188.99,Hybrid,Cold Layered,Grit,Mitsubishi T700 Carbon Fiber,Polypropylene Honeycomb,"1,176",3%,16.3,7.5,5.50,8.4,126.2,95%,6.50,56%,24.6,86%,52.7,9%,32.8,4%,7,,,,,,
Ronbus,EV1.16,16,New,$180.00,JOHNKEW,$20,$160.00,Elongated,Unibody Edgeless,Grit,Unknown,EVA Foam,"1,148",2%,16.4,7.4,5.25,8.1,117.0,64%,5.94,26%,23.8,42%,58.8,97%,34.6,28%,63,,,,,,
Ronbus,NOVA R1,16,New,$180.00,JOHNKEW,$20,$160.00,Elongated,Thermoformed,Peel Ply-Fine,Toray Carbon Fiber,Polypropylene Honeycomb,"2,089",45%,16.5,7.5,5.50,7.7,115.0,48%,5.72,16%,24.5,80%,55.2,47%,34.8,34%,40,,,,,,
Ronbus,NOVA R2,16,New,$180.00,JOHNKEW,$20,$160.00,Standard,Thermoformed,Peel Ply-Coarse,Toray Carbon Fiber,Polypropylene Honeycomb,"2,127",55%,16.0,8.0,5.50,7.9,108.4,22%,6.58,62%,23.6,30%,54.4,26%,35.4,56%,41,,,,,,
Ronbus,NOVA R3,16,New,$180.00,JOHNKEW,$20,$160.00,Elongated,Thermoformed,Peel Ply-Fine,Toray Carbon Fiber,Polypropylene Honeycomb,"2,068",41%,16.5,7.5,5.5,8.1,121.0,79%,6.10,31%,24.4,77%,55.4,52%,34.8,34%,43,,,,,,
Ronbus,Pulsar FX.R1,16,New,$180.00,JOHNKEW,$20,$160.00,Elongated,Thermoformed,Peel Ply-Coarse,Toray Carbon Fiber,Polypropylene Honeycomb,"2,264",81%,16.5,7.5,5.50,8.2,121.2,81%,6.21,41%,24.4,77%,56.0,69%,35.4,56%,62,,,,,,
Ronbus,Pulsar FX.R2,16,New,$180.00,JOHNKEW,$20,$160.00,Standard,Thermoformed,Peel Ply-Coarse,Toray Carbon Fiber,Polypropylene Honeycomb,"2,177",66%,16.0,8.0,5.50,8.2,114.1,47%,7.09,86%,23.4,20%,54.6,30%,36.3,79%,55,,,,,,
Ronbus,Pulsar FX.R3,16,New,$180.00,JOHNKEW,$20,$160.00,Elongated,Thermoformed,Peel Ply-Coarse,Toray Carbon Fiber,Polypropylene Honeycomb,"2,230",76%,16.5,7.5,5.50,8.1,121.8,83%,6.21,41%,24.6,86%,55.6,56%,35.9,71%,63,,,,,,
Ronbus,Pulsar R1,16,New,$180.00,JOHNKEW,$20,$160.00,Elongated,Thermoformed,Peel Ply-Fine,Toray Carbon Fiber,Polypropylene Honeycomb,"1,915",25%,16.5,7.5,5.50,7.9,116.0,57%,6.21,41%,23.9,51%,54.7,33%,35.1,45%,39,,,,,,
Ronbus,Pulsar R3,16,New,$180.00,JOHNKEW,$20,$160.00,Elongated,Thermoformed,Peel Ply-Fine,Toray Carbon Fiber,Polypropylene Honeycomb,"1,970",29%,16.5,7.5,5.50,8.3,125.0,92%,6.47,54%,23.8,42%,54.0,20%,33.1,5%,12,,,,,,
Ronbus,R1.16,16,New,$120.00,JOHNKEW,$20,$100.00,Elongated,Cold Layered,Peel Ply-Coarse,Toray Carbon Fiber,Polypropylene Honeycomb,"2,307",89%,16.5,7.5,5.50,8.1,117.0,64%,6.20,39%,,,,,,,,,,,,,
Ronbus,Ripple R1 - Beta 1 Version,14,New,$250.00,JOHNKEW,$20,$230.00,Elongated,Gen-3 Foam Enhanced,Peel Ply-Coarse,Toray Carbon Fiber,EVA foam with carbon fiber reinforcements,"2,343",93%,16.5,7.5,5.50,7.8,108.1,22%,5.35,6%,23.4,20%,58.8,97%,37.2,93%,95,,,,,,
Ronbus,Ripple R1 - Beta 2 Model,14,New,$250.00,JOHNKEW,$20,$230.00,Elongated,Gen-3 Foam Enhanced,Peel Ply-Coarse,Toray Carbon Fiber,EVA foam with carbon fiber reinforcements,"2,329",91%,16.5,7.5,5.50,7.9,112.5,37%,5.49,7%,23.8,42%,60.0,99%,38.0,98%,99,,,,,,
Ronbus,Ripple R1 - PBCoR Approved,16,New,$250.00,JOHNKEW,$20,$230.00,Elongated,Gen-3 Foam Enhanced,Peel Ply-Coarse,Toray Carbon Fiber,EVA foam with carbon fiber reinforcements,"2,341",93%,16.5,7.5,5.50,7.9,115.6,54%,5.63,11%,24.1,62%,58.7,96%,37.2,93%,95,,,,,,
Ronbus,Ripple R2 - Beta 1 Version,14,New,$250.00,JOHNKEW,$20,$230.00,Standard,Gen-3 Foam Enhanced,Peel Ply-Coarse,Toray Carbon Fiber,EVA foam with carbon fiber reinforcements,"2,344",94%,16.0,8.0,5.50,7.8,103.6,7%,6.10,31%,23.2,14%,57.1,92%,36.8,90%,91,,,,,,
Ronbus,Ripple R2 - Beta 2 Model,14,New,$250.00,JOHNKEW,$20,$230.00,Standard,Gen-3 Foam Enhanced,Peel Ply-Coarse,Toray Carbon Fiber,EVA foam with carbon fiber reinforcements,"2,305",88%,16.0,8.0,5.50,7.8,104.2,8%,6.15,34%,23.1,11%,59.0,98%,37.2,93%,95,,,,,,
Ronbus,Ripple R2 Beta 1 with 1 oz Slyce cap & 5.5 grams tungsten at neck & sides,14,New,$250.00,JOHNKEW,$20,$230.00,Standard,Gen-3 Foam Enhanced,Peel Ply-Coarse,Toray Carbon Fiber,EVA foam with carbon fiber reinforcements,"2,344",94%,16.0,8.0,5.50,8.8,106.2,13%,6.55,59%,21.0,0%,58.4,96%,37.2,93%,94,,,,,,
Ronbus,Ripple R2 Beta 1 with 11 grams tungsten at neck & sides,14,New,$250.00,JOHNKEW,$20,$230.00,Standard,Gen-3 Foam Enhanced,Peel Ply-Coarse,Toray Carbon Fiber,EVA foam with carbon fiber reinforcements,"2,344",94%,16.0,8.0,5.50,8.3,108.9,23%,7.17,89%,22.9,8%,57.6,94%,36.9,91%,92,,,,,,
Ronbus,Ripple R2 Beta 1 with 5.5 grams tungsten at neck and sides,14,New,$250.00,JOHNKEW,$20,$230.00,Standard,Gen-3 Foam Enhanced,Peel Ply-Coarse,Toray Carbon Fiber,EVA foam with carbon fiber reinforcements,"2,344",94%,16.0,8.0,5.50,8.0,105.5,10%,6.46,53%,23.1,11%,57.6,94%,37.0,92%,93,,,,,,
Ronbus,XPRO EV1.T700.R2,16,New,$180.00,JOHNKEW,$20,$160.00,Elongated,Unibody Edgeless,Peel Ply-Fine,Toray Carbon Fiber,EVA Foam,"2,280",84%,16.5,7.5,5.50,7.9,112.0,34%,5.70,14%,23.5,23%,59.7,99%,,,,,,,,,
Ronbus,XPRO EV1.T700.R3,16,New,$180.00,JOHNKEW,$20,$160.00,Elongated,Unibody Edgeless,Peel Ply-Fine,Toray Carbon Fiber,EVA Foam,"2,210",75%,16.5,7.5,5.50,7.9,112.0,34%,5.70,14%,23.7,34%,59.6,98%,,,,,,,,,
Selkirk,AMPED Control Invikta,16,New,$160.00,INF-JOHNKEW,Gift Card $10-$40,$160.00,Elongated,Cold Layered,Grit,Fiberglass,Polypropylene Honeycomb,"1,855",20%,16.5,7.4,5.25,8.2,119.4,75%,5.93,25%,24.0,58%,54.2,23%,34.1,16%,19,,,,,,
Selkirk,Amped Pro Air Epic,16,New,$180.00,INF-JOHNKEW,Gift Card $10-$40,$180.00,Standard,Unibody Edgeless,Grit,Fiberglass,Polypropylene Honeycomb,"2,252",78%,15.8,8.0,5.25,8.0,111.3,31%,6.67,68%,24.0,58%,55.6,56%,35.3,53%,54,,,,,,
Selkirk,Amped Pro Air Invikta,16,New,$180.00,INF-JOHNKEW,Gift Card $10-$40,$180.00,Elongated,Unibody Edgeless,Grit,Fiberglass,Polypropylene Honeycomb,"2,080",43%,16.5,7.5,5.25,8.0,121.2,81%,5.93,25%,24.8,93%,55.6,56%,35.6,62%,59,,,,,,
Selkirk,Epic Vanguard,16,New,$200.00,INF-JOHNKEW,Gift Card $10-$40,$200.00,Standard,Cold Layered,Grit,Carbon Fiber,Polypropylene Honeycomb,"1,285",5%,15.8,8.0,5.25,7.9,,,,,,,,,,,,,,,,,
Selkirk,Invikta Amped,16,Used-3 months,$150.00,INF-JOHNKEW,Gift Card $10-$40,$150.00,Elongated,Cold Layered,Grit,Fiberglass,Polypropylene Honeycomb,"1,220",3%,16.5,7.4,5.25,7.3,109.0,24%,,,,,,,,,,,,,,,
Selkirk,Labs 007 Epic,10,New,$333.00,INF-JOHNKEW,Gift Card $10-$40,$333.00,Elongated,Thermoformed,Grit,Carbon Fiber,Polypropylene Honeycomb & Titanium,"2,269",82%,16.5,7.5,5.35,7.7,104.4,8%,5.88,23%,23.5,23%,56.8,83%,36.9,91%,87,,,,,,
Selkirk,Labs 007 Invikta,14,New,$333.00,INF-JOHNKEW,Gift Card $10-$40,$333.00,Elongated,Thermoformed,Grit,Carbon Fiber,Polypropylene Honeycomb & Titanium,"2,198",70%,16.5,7.5,5.35,8.4,124.5,91%,6.14,34%,24.6,86%,56.0,69%,36.4,83%,76,,,,,,
Selkirk,Luxx Control Air Invikta,20,New,$250.00,INF-JOHNKEW,Gift Card $10-$40,$250.00,Elongated,Unibody Edgeless,Grit,Fiberglass & Carbon Fiber,Polypropylene Honeycomb,"2,229",76%,16.5,7.5,5.35,8.1,120.0,76%,5.96,26%,24.4,77%,51.6,2%,33.1,5%,3,,,,,,
Selkirk,Project 003,20,New,$333.00,INF-JOHNKEW,Gift Card $10-$40,$333.00,Standard,Unibody Edgeless,Grit,3K Woven Carbon Fiber,Polypropylene Honeycomb,"1,903",24%,15.9,7.9,5.25,7.7,,,,,,,,,,,,,,,,,
Selkirk,SLK Halo Power XL,13,New,$140.00,INF-JOHNKEW,Gift Card $10-$40,$140.00,Elongated,Cold Layered,Peel Ply-Coarse,T700 Carbon Fiber,Polypropylene Honeycomb,"1,849",18%,16.4,7.4,5.75,7.5,115.0,48%,5.27,4%,24.2,68%,51.9,3%,31.7,2%,2,,,,,,
Selkirk,SLK Halo Pro,14,New,$150.00,INF-JOHNKEW,Gift Card $10-$40,$150.00,Standard,Thermoformed,Peel Ply-Coarse,Kevlar & Carbon Fiber,Polypropylene Honeycomb,"2,028",35%,15.9,7.9,4.75,8.0,108.1,21%,6.90,79%,23.5,23%,55.3,49%,35.6,62%,56,,,,,,
Selkirk,Vanguard Power Air Invikta,12.7,New,$250.00,INF-JOHNKEW,Gift Card $10-$40,$250.00,Elongated,Unibody Edgeless,Grit,Fiberglass & Carbon Fiber,Polypropylene Honeycomb,"2,176",66%,16.5,7.4,5.25,7.8,106.0,11%,5.31,4%,23.1,11%,52.6,7%,35.8,68%,38,,,,,,
Selkirk,Vanguard Power Air Invikta,12.7,Used-1 month,$250.00,INF-JOHNKEW,Gift Card $10-$40,$250.00,Elongated,Unibody Edgeless,Grit,Fiberglass & Carbon Fiber,Polypropylene Honeycomb,"1,172",2%,16.5,7.4,5.25,7.8,106.0,11%,5.31,4%,23.1,11%,52.6,7%,35.8,68%,38,,,,,,
Selkirk,Vanguard Power Air S2,12.7,New,$250.00,INF-JOHNKEW,Gift Card $10-$40,$250.00,Standard,Unibody Edgeless,Grit,Fiberglass & Carbon Fiber,Polypropylene Honeycomb,"2,077",42%,15.8,8.0,5.38,7.8,,,,,,,,,,,,,,,,,
Six Zero,Black Diamond Power,14,New,$180.00,JOHNKEW,10%,$162.00,Hybrid,Thermoformed,Peel Ply-Coarse,Fiberglass,Polypropylene Honeycomb,"2,104",49%,16.3,7.7,5.50,7.9,111.7,33%,6.38,48%,23.9,51%,56.8,83%,35.7,65%,74,,,,,,
Six Zero,Double Black Diamond,16,New,$180.00,JOHNKEW,10%,$162.00,Hybrid,Thermoformed,Peel Ply-Fine,Toray Carbon Fiber,Polypropylene Honeycomb,"2,062",40%,16.3,7.7,5.50,8.1,114.0,44%,6.66,67%,23.9,51%,54.7,33%,33.6,9%,21,,,,,,
Six Zero,Double Black Diamond,14,New,$180.00,JOHNKEW,10%,$162.00,Hybrid,Thermoformed,Peel Ply-Coarse,Toray Carbon Fiber,Polypropylene Honeycomb,"2,077",42%,16.3,7.7,5.50,8.1,112.0,34%,6.33,45%,23.6,30%,53.7,18%,35.1,45%,31,,,,,,
Six Zero,Double Black Diamond (Early Batch),16,New,$180.00,JOHNKEW,10%,$162.00,Hybrid,Thermoformed,Peel Ply-Coarse,Toray Carbon Fiber,Polypropylene Honeycomb,"2,186",68%,16.3,7.7,5.50,8.1,,,,,,,,,,,,,,,,,
Six Zero,Infinity Black Diamond,16,New,$220.00,JOHNKEW,10%,$198.00,Hybrid,Thermoformed,Peel Ply-Coarse,Toray Fiberglass,Polypropylene Honeycomb,"2,273",83%,16.3,7.7,5.50,8.0,106.2,13%,5.70,14%,23.0,10%,54.5,29%,35.2,48%,38,,,,,,
Six Zero,Infinity Double Black Diamond ,16,New,$220.00,JOHNKEW,10%,$198.00,Hybrid,Thermoformed,Peel Ply-Coarse,Toray Carbon Fiber,Polypropylene Honeycomb,"2,077",42%,16.3,7.7,5.50,8.1,110.0,26%,5.80,20%,23.2,14%,53.6,17%,34.6,28%,23,,,,,,
Six Zero,Quartz,15,New,$89.99,JOHNKEW,10%,$80.99,Standard,Cold Layered,Peel Ply-Coarse,Carbon Fiber,Polypropylene Honeycomb,"1,925",26%,16.0,7.9,5.00,7.9,107.8,20%,6.43,52%,23.6,30%,53.5,16%,35.1,45%,30,,,,,,
Six Zero,Ruby,16,New,$199.00,JOHNKEW,10%,$179.10,Hybrid,Thermoformed,Peel Ply-Coarse,Dupont Kevlar,Polypropylene Honeycomb,"2,271",83%,16.3,7.7,5.50,8.3,117.0,64%,6.81,77%,23.7,34%,55.6,56%,34.5,26%,41,,,,,,
Six Zero,Ruby,14,New,$199.00,JOHNKEW,10%,$179.10,Hybrid,Thermoformed,Peel Ply-Coarse,Dupont Kevlar,Polypropylene Honeycomb,"2,124",55%,16.3,7.7,5.50,8.2,114.1,46%,6.50,56%,23.7,34%,55.4,52%,35.9,71%,61,,,,,,
Six Zero,Triple Black Diamond (Willinator),15,New,$220.00,JOHNKEW,10%,$198.00,Elongated,Thermoformed,Peel Ply-Coarse,18K Toray Carbon Fiber,Polypropylene Honeycomb,"1,959",27%,16.6,7.6,6.00,8.2,126.0,94%,6.45,53%,24.8,93%,54.7,33%,34.9,37%,35,,,,,,
Spartus,Apollo,16,New,$129.99,JOHNKEW,10%,$116.99,Wide Body,Thermoformed,Peel Ply-Coarse,Dupont Kevlar,Polypropylene Honeycomb,"2,130",55%,15.9,8.2,5.50,8.1,110.1,27%,7.56,99%,23.4,20%,54.4,26%,34.2,19%,23,,,,,,
Spartus,Olympus,14,New,$199.99,JOHNKEW,10%,$179.99,Hybrid,Gen-3 Foam Enhanced,Peel Ply-Coarse,Toray Carbon Fiber,Foam-filled polypropylene honeycomb,"2,058",40%,16.4,7.7,5.50,8.0,110.5,29%,6.13,33%,23.5,23%,56.4,78%,36.3,79%,78,,,,,,
Speedup,Fire 14,14,New,$119.99,JOHNKEW,10%,$107.99,Elongated,Thermoformed,Peel Ply-Coarse,Toray Carbon Fiber,Polypropylene Honeycomb,"2,016",34%,16.5,7.5,6.00,7.8,117.0,64%,5.85,23%,24.3,73%,54.7,33%,35.1,45%,39,,,,,,
Speedup,Ice 16,16,New,$119.99,JOHNKEW,10%,$107.99,Elongated,Thermoformed,Peel Ply-Coarse,Toray Carbon Fiber,Polypropylene Honeycomb,"1,863",20%,16.5,7.5,6.00,7.8,122.0,84%,6.05,29%,24.9,96%,54.9,39%,33.4,6%,22,,,,,,
Standout,KC1,16,New,$195.00,,,$195.00,Elongated,Thermoformed,Peel Ply-Coarse,Kevlar & Carbon Fiber,Polypropylene Honeycomb,"2,042",38%,16.5,7.5,5.50,8.0,119.4,74%,5.59,11%,24.5,80%,55.6,56%,34.9,37%,47,,,,,,
Synergy,Royale,16,New,$200.00,JOHNKEW,10%,$180.00,Elongated,Thermoformed,Peel Ply-Coarse,Kevlar & Carbon Fiber,Polypropylene Honeycomb,"2,324",90%,16.5,7.5,5.50,8.4,127.4,96%,6.51,57%,24.6,86%,55.8,64%,34.5,26%,45,,,,,,
Synergy,Supreme,13,New,$200.00,JOHNKEW,10%,$180.00,Elongated,Thermoformed,Peel Ply-Coarse,Kevlar & Carbon Fiber,Polypropylene Honeycomb,"2,305",88%,16.5,7.5,5.50,7.8,115.3,52%,5.82,21%,24.3,73%,55.3,49%,36.0,73%,61,,,,,,
Tecnifibre,TF Blitz,15,New,$199.00,,,$199.00,Elongated,Thermoformed,Peel Ply-Coarse,Carbon Fiber Composite,Polypropylene Honeycomb,"2,261",81%,16.6,7.4,6.00,8.3,124.5,92%,5.84,22%,24.3,73%,55.4,52%,35.9,71%,61,,,,,,
Tecnifibre,TF Command,15,New,$209.00,,,$209.00,Standard,Thermoformed,Peel Ply-Coarse,Carbon Fiber,Polypropylene Honeycomb,,#N/A,16.0,7.9,5.00,8.1,109.1,25%,6.73,71%,23.4,20%,55.2,47%,35.7,65%,56,,,,,,
Tecnifibre,TF Select,15,New,$219.00,,,$219.00,Hybrid,Thermoformed,Peel Ply-Coarse,Dupont Kevlar,Polypropylene Honeycomb,"2,144",59%,16.3,7.7,5.50,8.2,116.6,62%,6.73,71%,23.9,51%,55.8,64%,35.8,68%,66,,,,,,
Thompson,515-Twill,14.25,New,$249.00,JOHNKEW,10%,$224.10,Hybrid,Cold Layered with Urethane Sidewall,Peel Ply-Coarse,Carbon Fiber (American-Sourced),Polypropylene Honeycomb,"2,418",99%,16.4,7.6,5.25,8.6,112.5,38%,6.83,77%,22.9,8%,56.5,81%,36.2,76%,79,,,,,,
Thompson,515-Uni,14.25,New,$249.00,JOHNKEW,10%,$224.10,Hybrid,Cold Layered with Urethane Sidewall,Peel Ply-Coarse,Carbon Fiber (American-Sourced),Polypropylene Honeycomb,"2,484",99%,16.4,7.6,5.25,8.2,107.5,18%,6.48,54%,22.9,8%,56.8,83%,36.7,89%,86,,,,,,
Thrive,Azul (medium-light),16,New,$199.99,JOHNKEW,10%,$179.99,Hybrid,Thermoformed,Peel Ply-Coarse,Kevlar & Carbon Fiber,Polypropylene Honeycomb,"2,155",61%,16.3,7.7,5.50,8.2,116.5,61%,6.62,65%,23.8,41%,55.6,56%,36.4,83%,69,,,,,,
Thrive,Azul (medium),16,New,$199.99,JOHNKEW,10%,$179.99,Hybrid,Thermoformed,Peel Ply-Coarse,Kevlar & Carbon Fiber,Polypropylene Honeycomb,"2,144",59%,16.3,7.7,5.50,8.2,117.3,66%,6.65,66%,23.9,50%,55.9,67%,35.3,53%,60,,,,,,
Thrive,Surge,16,New,$199.99,JOHNKEW,10%,$179.99,Hybrid,Thermoformed,Peel Ply-Coarse,Toray Carbon Fiber,Polypropylene Honeycomb,"2,215",76%,16.3,7.7,5.30,8.0,116.3,60%,6.73,71%,24.3,73%,55.0,41%,35.5,60%,50,,,,,,
Vatic Pro,Bloom Prism,16,New,$99.99,JOHNKEW,$10.00,$89.99,Standard,Gen 1.5 Unibody with Edge Foam,Peel Ply-Coarse,Toray Carbon Fiber,Polypropylene Honeycomb,"2,175",65%,16.0,8.0,5.50,8.0,112.7,38%,7.25,92%,23.8,42%,54.8,36%,33.9,13%,25,,,,,,
Vatic Pro,Bloom Prism 14,14,New,$99.99,JOHNKEW,$10.00,$89.99,Standard,Gen 1.5 Unibody with Edge Foam,Peel Ply-Coarse,Toray Carbon Fiber,Polypropylene Honeycomb,"2,103",48%,16.0,8.0,5.50,7.8,108.2,22%,6.75,72%,23.8,42%,54.6,30%,34.7,32%,31,,,,,,
Vatic Pro,Bloom Saga,16,New,$149.99,JOHNKEW,$10.00,$139.99,Standard,Gen 1.5 Unibody with Edge Foam,Peel Ply-Coarse,Toray Carbon Fiber,Polypropylene Honeycomb,"2,176",66%,16.0,8.0,5.50,8.0,113.0,40%,7.19,89%,23.8,42%,55.2,47%,36.3,79%,63,,,,,,
Vatic Pro,Flash,14,New,$139.99,JOHNKEW,$10,$129.99,Hybrid,Thermoformed,Peel Ply-Fine,Toray Carbon Fiber,Polypropylene Honeycomb,"2,174",65%,16.3,7.7,5.30,8.1,,,,,,,,,,,,,,,,,
Vatic Pro,Prism Flash,16,New,$99.99,JOHNKEW,$10,$89.99,Hybrid,Gen 1.5 Unibody with Edge Foam,Peel Ply-Coarse,Toray Carbon Fiber,Polypropylene Honeycomb,"2,200",70%,16.3,7.7,5.30,7.8,111.0,30%,6.25,43%,24.0,58%,54.8,36%,34.3,21%,29,,,,,,
Vatic Pro,Saga Flash,16,New,$149.99,JOHNKEW,$10.00,$139.99,Hybrid,Gen 1.5 Unibody with Edge Foam,Peel Ply-Coarse,Toray Carbon Fiber,Polypropylene Honeycomb,"2,157",61%,16.3,7.7,5.30,8.3,116.8,63%,6.67,68%,24.0,58%,56.6,82%,34.7,32%,57,,,,,,
Vatic Pro,Saga Flash LH,16,New,$149.99,JOHNKEW,$10.00,$139.99,Elongated,Gen 1.5 Unibody with Edge Foam,Peel Ply-Coarse,Toray Carbon Fiber,Polypropylene Honeycomb,"2,186",68%,16.4,7.6,5.75,8.2,121.0,78%,6.21,41%,24.6,86%,56.9,86%,34.9,37%,62,,,,,,
Vatic Pro,Saga V7,16,New,$149.99,JOHNKEW,$10.00,$139.99,Hybrid,Gen 1.5 Unibody with Edge Foam,Peel Ply-Coarse,Toray Carbon Fiber,Polypropylene Honeycomb,"2,209",74%,16.5,7.5,5.30,8.1,119.8,76%,6.59,63%,24.6,86%,56.9,86%,34.6,28%,57,,,,,,
Vatic Pro,V7,16,New,$139.99,JOHNKEW,$10,$129.99,Elongated,Thermoformed,Peel Ply-Coarse,Toray Carbon Fiber,Polypropylene Honeycomb,"1,981",30%,16.5,7.5,5.30,8.2,124.0,90%,6.68,69%,23.2,14%,53.2,13%,33.4,6%,10,,,,,,
Versix,Vector,15,New,$129.99,JOHNKEW,10%,$116.99,Elongated,Thermoformed,Peel Ply-Coarse,T700 Carbon Fiber,Polypropylene Honeycomb,"2,103",48%,16.5,7.5,6.00,8.4,122.2,87%,6.93,81%,24.3,73%,56.8,83%,36.0,73%,78,,,,,,
Volair,Alto,16,New,$99.99,JOHNKEW,10%,$89.99,Elongated,Cold Layered,Grit,Fiberglass,Polypropylene Honeycomb,"1,737",11%,16.5,7.5,5.50,8.2,119.8,75%,6.20,39%,24.4,77%,53.8,18%,34.1,16%,17,,,,,,
Volair,Alto,14,New,$99.99,JOHNKEW,10%,$89.99,Elongated,Cold Layered,Grit,Fiberglass,Polypropylene Honeycomb,"1,798",14%,16.5,7.5,5.50,7.7,110.3,29%,5.75,17%,24.0,58%,53.4,15%,34.6,28%,22,,,,,,
Volair,Corto,16,New,$99.99,JOHNKEW,10%,$89.99,Wide Body,Cold Layered,Grit,Fiberglass,Polypropylene Honeycomb,"1,984",31%,15.9,8.1,5.50,8.1,110.1,28%,7.10,87%,23.8,42%,53.8,18%,33.6,9%,14,,,,,,
Volair,Corto,14,New,$99.99,JOHNKEW,10%,$89.99,Wide Body,Cold Layered,Grit,Fiberglass,Polypropylene Honeycomb,"1,892",23%,15.9,8.1,5.50,7.8,103.5,6%,6.85,79%,23.4,20%,53.2,13%,34.9,37%,25,,,,,,
Volair,Mach 1,14,New,$139.99,JOHNKEW,10%,$125.99,Elongated,Cold Layered,Peel Ply-Coarse,T700 Carbon Fiber,Polypropylene Honeycomb,"2,123",54%,16.5,7.5,5.50,8.0,114.0,44%,5.92,24%,24.2,68%,53.3,14%,34.1,16%,15,,,,,,
Volair,Mach 1,16,New,$139.99,JOHNKEW,10%,$125.99,Elongated,Cold Layered,Peel Ply-Coarse,T700 Carbon Fiber,Polypropylene Honeycomb,"2,002",32%,16.5,7.5,5.50,7.7,110.0,26%,5.72,16%,24.0,58%,52.8,9%,33.8,11%,10,,,,,,
Volair,Mach 1 Forza,16,New,$179.99,JOHNKEW,10%,$161.99,Elongated,Thermoformed,Peel Ply-Coarse,T700 Carbon Fiber,Polypropylene Honeycomb,"2,205",73%,16.5,7.5,5.50,8.0,115.0,48%,6.40,50%,24.1,62%,54.6,30%,35.0,41%,36,,,,,,
Volair,Mach 1 Forza,14,New,$179.99,JOHNKEW,10%,$161.99,Elongated,Thermoformed,Peel Ply-Coarse,T700 Carbon Fiber,Polypropylene Honeycomb,"2,332",92%,16.5,7.5,5.50,7.8,111.0,30%,6.16,37%,23.9,51%,52.8,9%,35.0,41%,25,,,,,,
Volair,Mach 2,16,New,$139.99,JOHNKEW,10%,$125.99,Wide Body,Cold Layered,Peel Ply-Coarse,T700 Carbon Fiber,Polypropylene Honeycomb,"2,329",91%,15.9,8.1,5.50,8.0,107.2,17%,6.90,79%,23.4,20%,52.5,6%,33.2,6%,6,,,,,,
Volair,Mach 2,14,New,$139.99,JOHNKEW,10%,$125.99,Wide Body,Cold Layered,Peel Ply-Coarse,T700 Carbon Fiber,Polypropylene Honeycomb,"2,345",95%,15.9,8.1,5.50,7.8,105.3,10%,6.75,72%,23.3,17%,52.3,5%,34.0,15%,10,,,,,,
Volair ,Mach 2 Forza,16,New,$179.99,JOHNKEW,10%,$161.99,Wide Body,Thermoformed,Peel Ply-Coarse,T700 Carbon Fiber,Polypropylene Honeycomb,"2,330",91%,15.9,8.1,5.50,8.1,113.4,41%,7.30,94%,23.8,42%,54.7,33%,34.0,15%,24,,,,,,
Volair ,Mach 2 Forza,14,New,$179.99,JOHNKEW,10%,$161.99,Wide Body,Thermoformed,Peel Ply-Coarse,T700 Carbon Fiber,Polypropylene Honeycomb,"2,236",77%,15.9,8.1,5.50,7.8,107.7,18%,6.80,75%,23.7,34%,54.0,20%,35.3,53%,36,,,,,,
